推薦年度,適讀年齡,經典好書,書名,作者,繪者,譯者,出版社,出版日期(西元),出版日期(民國),本土/翻譯,屬性分類,ISBN,定價
114,3~5歲,,威洛比先生的耶誕樹,羅勃．巴利（Robert Barry）,羅勃．巴利（Robert Barry）,林良,親子天下,2024-12-01,113/12,翻譯,社會情緒、語言溝通、美感,9786264060875,380
114,0~3歲,,愛睡覺的小baby,劉旭恭,劉旭恭,,水滴文化(城邦出版),2024-11-01,113/11,本土,認知探索、美感,9786267352472,380
114,0~3歲,,過去一點,卡崔娜夏門（Katrina Charman）,吉列米卡斯汀（Guilherme Karsten,何湘葳,格林文化,2024-11-01,113/11,翻譯,身體動作、社會情緒、認知探索,9786267295588,380
114,3~5歲,,小漁顛倒游,科瑞．R. 塔博(Corey R. Tabor),科瑞．R. 塔博(Corey R. Tabor),柯倩華,弘雅三民(小山丘),2024-11-01,113/11,翻譯,社會情緒、語言溝通、認知探索,9786263708754,370
114,3~5歲,,聖誕老人的第一個聖誕節,麥克‧巴奈特(Mac Barnett),席尼‧史密斯(Sydney Smith),劉清彥,維京國際,2024-11-01,113/11,翻譯,身體動作、社會情緒、語言溝通,9789864405640,350
114,0~3歲,,烏的,儲玉玲,儲嘉慧,呂美親(台文審訂),聯經出版,2024-10-01,113/10,本土,社會情緒、認知探索,9789570874952,320
114,0~3歲,,哪裡不舒服呢？,妮娜特(Ninette),妮娜特(Ninette),李紫蓉,遠見天下文化(小天下),2024-09-01,113/09,翻譯,社會情緒、認知探索、健康與安全,9786263558823,360
114,0~3歲,,我會曉,海狗房東,黃海蒂,陳厚潤、陳厚澤(台語朗讀)；呂美親(台文審訂),聯經出版,2024-09-01,113/09,本土,語言溝通、認知探索、美感,9789570874846,350
114,3~5歲,,眼淚博物館,黃顯雅,黃顯雅,,弘雅三民(小山丘),2024-09-01,113/09,本土,社會情緒、認知探索、美感,9786263707689,350
114,3~5歲,,不一樣的1(新版),吳亞男,柳壟沙,英文翻譯：白一葦,信誼基金,2024-09-01,113/09,翻譯,語言溝通,9789861617497,350
114,3~5歲,,爸爸！別把話說光了,費里希妲．薩拉(Felicita Sala),費里希妲．薩拉(Felicita Sala),陳信宏,親子天下,2024-08-01,113/08,翻譯,社會情緒、語言溝通、認知探索,9786263059917,380
114,3~5歲,,小狼人好餓,安迪‧哈克尼斯(Andy Harkness),安迪‧哈克尼斯(Andy Harkness),黃筱茵,時報文化,2024-08-01,113/08,翻譯,社會情緒、語言溝通、美感,9786263965300,350
114,3~5歲,,上學快來不及了！,小木屋工坊(The Cabin Company),小木屋工坊(The Cabin Company),米雅,遠見天下文化(小天下),2024-08-01,113/08,翻譯,身體動作、社會情緒、認知探索,9786263558427,380
114,3~5歲,,夏天就是該這樣,貓小小,許臺育,,愛米粒,2024-07-01,113/07,本土,身體動作、社會情緒、認知探索,9786269832583,350
114,3~5歲,,請幫我撿球,車雅達,車雅達,葉雨純,維京國際,2024-06-01,113/06,翻譯,身體動作、社會情緒、生活自理,9789864405442,380
114,3~5歲,,沒毛雞,陳致元,陳致元,,親子天下,2024-06-01,113/06,本土,社會情緒、語言溝通,9786263058811,400
114,0~3歲,,123，噗嚕嚕！,得田之久,及川賢治,郭孚,信誼基金,2024-05-01,113/05,翻譯,身體動作、語言溝通、認知探索,9789861617374,280
114,3~5歲,,粒粒皆好吃,高凌華,八分熟的小李子,,翰林出版,2024-05-01,113/05,本土,身體動作、認知探索、生活自理,9786263652767,340
114,3~5歲,,我和我的小傷疤,碧翠絲‧阿雷馬娜(Beatrice Alemagna),碧翠絲‧阿雷馬娜(Beatrice Alemagna),尉遲秀,聯經出版,2024-05-01,113/05,翻譯,社會情緒、認知探索、健康與安全,9789570873788,380
114,0~3歲,,無公平！,陶樂蒂,陶樂蒂,,小麥田出版(城邦出版),2024-04-01,113/04,本土,社會情緒、語言溝通、認知探索,9786267281697,340
114,3~5歲,,小威的眼睛,杜宛霖,杜宛霖,,信誼基金,2024-04-01,113/04,本土,社會情緒,9789861617398,320
114,3~5歲,,大猩猩：相反是什麼？,安東尼布朗（Anthony Browne）,安東尼布朗（Anthony Browne）,何儀,格林文化,2024-04-01,113/04,翻譯,認知探索,9786267295335,350
114,3~5歲,,爺爺與翠鳥,安娜．威爾遜(Anna Wilson),莎拉．瑪西尼(Sarah Massini),游珮芸,米奇巴克,2024-04-01,113/04,翻譯,社會情緒、認知探索、美感,9786269812103,360
114,3~5歲,,情緒大飯店,莉迪亞．布蘭科維琪（Lidia Branković）,莉迪亞．布蘭科維琪（Lidia Branković）,黃聿君,典藏藝術家庭(小典藏),2024-04-01,113/04,翻譯,社會情緒、語言溝通、生活自理,9786267430033,350
114,0~3歲,,10隻橡皮小鴨,艾瑞．卡爾(Eric Carle),艾瑞．卡爾(Eric Carle),柯倩華,上誼文化,2024-03-01,113/03,翻譯,社會情緒、語言溝通、認知探索,9789577627766,300
114,3~5歲,,壽司買衣服,田中達也,田中達也,李宜蓁,上誼文化,2024-03-01,113/03,翻譯,認知探索、美感,9789577627728,320
114,0~3歲,,春天來了,五味太郎,五味太郎,吳宜真,上誼文化,2024-02-01,113/02,翻譯,語言溝通,9789577627773,280
114,3~5歲,,短耳兔1：我是短耳兔,劉思源,唐唐,,親子天下,2024-02-01,113/02,本土,身體動作、社會情緒、健康與安全,9786263056718,360
114,3~5歲,,雪地裡的奇蹟,艾黛兒．塔耶爾（Adèle Tariel）,傑鴻．貝哈（Jérôme Peyrat）,徐意筑,遠見天下文化(小天下),2024-02-01,113/02,翻譯,社會情緒、語言溝通、認知探索,9786263555662,360
114,3~5歲,,彩色怪獸：情緒醫生和他的情緒急救箱,安娜．耶拿絲(Anna Llenas),安娜．耶拿絲(Anna Llenas),李家蘭,三采文化,2024-01-01,113/01,翻譯,社會情緒、生活自理,9786263582330,420
114,0~3歲,,飛一下、休息一下、再想一下……,五味太郎,五味太郎,游珮芸,信誼基金,2024-01-01,113/01,翻譯,社會情緒、認知探索,9789861617282,320
113,3~5歲,,小蝸牛亨利,卡塔琳娜・瑪庫洛娃,卡塔琳娜・瑪庫洛娃,吳文君,遠流出版,2023-12-01,112-12,翻譯,社會情緒、認知探索、健康與安全,9786263614000 ,350
114,0~3歲,,唱歌給貓聽,湯姆牛,湯姆牛,,遠見天下文化(小天下),2023-12-01,112/12,本土,社會情緒、語言溝通、認知探索,9786263554658,380
113/114,3~5歲,,我的朋友蹛佇隔壁庄,儲玉玲,儲嘉慧,,聯經出版,2023-12-01,112/12,本土,社會情緒、語言溝通、認知探索,9789570871838,320
114,0~3歲,,小老鼠的內褲,tupera tupera,tupera tupera,張玲玲,格林文化,2023-12-01,112/12,翻譯,認知探索、美感,9786267295182,299
113,3~5歲,,小喜鵲和岩石山,劉清彥,蔡兆倫,,拾光工作室,2023-11-01,112-11,本土,社會情緒、認知探索,9789869873697,360
114,3~5歲,,臺灣的樣子,楊采潔,王盈穎,,翰林出版,2023-11-01,112/11,本土,語言溝通、認知探索、美感,9786263651401,300
113,0~3歲,,比一比，誰最長？(新版),佐藤伸,山村浩二,蘇懿禎,小熊出版,2023-10-01,112-10,翻譯,語言溝通、認知探索,9786267361368,320
114,3~5歲,,一直都在,青木宏江 (あおきひろえ),青木宏江 (あおきひろえ),米雅,拾光工作室,2023-10-01,112/10,翻譯,社會情緒、認知探索,9789869873680,320
114,3~5歲,,看不見也沒關係,李芝賢,林英蘭,曹一竹,青林國際,2023-10-01,112/10,翻譯,語言溝通、認知探索、健康與安全,9789862746530,320
114,3~5歲,,麥克的睡覺小羊,瑪格麗塔．德爾．馬佐(Margarita del Mazo),谷瑞迪(Guridi),小樹文化編輯部,小樹文化(讀書共和國),2023-10-01,112/10,翻譯,語言溝通、認知探索、美感,9786267304228,350
113/114,3~5歲,,聖誕老公公是怎麼鑽進煙囪的？,麥克・巴奈特(Mac Barnett),雍・卡拉森(Jon Klassen),李明彝,上誼文化,2023-10-01,112/10,翻譯,社會情緒、語言溝通、認知探索,9789577627520,350
113,0~3歲,,你要上車嗎？,宮西達也,宮西達也,邱瓊慧,小魯文化,2023-09-01,112-09,翻譯,社會情緒、認知探索、美感,9786267350065,350
113,3~5歲,,農場老屋的故事,蘇菲・布雷克爾,蘇菲・布雷克爾,柯倩華,水滴文化,2023-09-01,112-09,翻譯,語言溝通、認知探索、美感,9786267352076 ,420
113/114,0~3歲,,好高、好高！,蘇珊娜・施特拉瑟(Susanne Straßer),蘇珊娜・施特拉瑟(Susanne Straßer),黃迺毓,上誼文化,2023-09-01,112/09,翻譯,社會情緒、語言溝通,9789577627599,360
114,0~3歲,,哈囉！波波,米津祐介（Yusuke Yonezu）,米津祐介（Yusuke Yonezu）,簡叔萱,格林文化,2023-09-01,112/09,翻譯,認知探索、美感,9786267295113,320
114,3~5歲,,最長的暴風雨,丹.雅卡理諾（DanYaccarino）,丹.雅卡理諾（DanYaccarino）,張淑瓊,親子天下,2023-09-01,112/09,翻譯,社會情緒、語言溝通、美感,9786263055490,360
113,3~5歲,,小木頭機器人和圓木公主,湯姆・高爾德,湯姆・高爾德,柯倩華,小麥田出版,2023-08-01,112-08,翻譯,社會情緒、語言溝通、認知探索,9786267281116,420
113,3~5歲,,超級無敵多隻小豬和大野狼,大衛・卡利,瑪麗安娜・巴杜契,楊玲玲、彭懿,上誼文化,2023-08-01,112-08,翻譯,社會情緒、語言溝通、認知探索,9789577627667 ,360
113,3~5歲,,熱狗,道格・薩拉帝,道格・薩拉帝,劉清彥,遠見天下文化(小天下),2023-07-01,112-07,翻譯,社會情緒、認知探索、美感,9786263552708,450
113,3~5歲,,神奇好眠床：全世界的好孩子睡哪兒？,蕾貝卡・龐德,莎莉・梅弗,周惠玲,遠流出版,2023-07-01,112-07,翻譯,社會情緒、認知探索、美感,9786263611788,399
114,3~5歲,,再等一下下！,李憶婷,李憶婷,,親子天下,2023-07-01,112/07,本土,社會情緒、語言溝通、生活自理,9786263055025,360
113,3~5歲,,健忘的阿默,朱迪絲・克爾,朱迪絲・克爾,林真美,遠流出版,2023-06-01,112-06,翻譯,社會情緒、認知探索,9786263610408,360
113,3~5歲,,第一次出門買東西,筒井賴子,林明子,林真美,親子天下,2023-06-01,112-06,翻譯,身體動作、社會情緒、生活自理,9786263054035,380
113,3~5歲,,佳佳的妹妹不見了,筒井賴子,林明子,游珮芸,親子天下,2023-06-01,112-06,翻譯,身體動作、社會情緒、健康與安全,9786263054820,380
113,3~5歲,,今天是什麼日子？,瀨田貞二,林明子,林真美,親子天下,2023-06-01,112-06,翻譯,社會情緒、語言溝通、認知探索,9786263054004,380
113,3~5歲,,通往糖麵包山的那條路,瑪麗安・居布克,瑪麗安・居布克,謝蕙心,拾光工作室,2023-06-01,112-06,翻譯,社會情緒、認知探索、生活自理,9789869873673,360
114,3~5歲,,更棒的骨頭,科瑞．R. 塔博,科瑞．R. 塔博,何尉賢,弘雅三民(小山丘),2023-06-01,112/06,翻譯,社會情緒、語言溝通、認知探索,9786263079755,350
114,3~5歲,,勇氣帽,凱特．霍夫勒(Kate Hoefler),潔西莎．貝格利(Jessixa Bagley),黃筱茵,遠流出版,2023-05-01,112/05,翻譯,社會情緒、認知探索,9786263610958,370
113,3~5歲,,小根和小秋,林明子,林明子,林真美,維京國際,2023-04-01,112-04,翻譯,社會情緒、語言溝通、健康與安全,9789864404797,350
113,3~5歲,,是誰在門外啊？,筒井賴子,林明子,米雅,聯經出版,2023-04-01,112-04,翻譯,社會情緒、語言溝通、認知探索,9789570868364,340
113,3~5歲,,想當太空人的大象,詹姆斯・弗利,詹姆斯・弗利,蔡心語,小宇宙文化(方言出版),2023-03-01,112-03,翻譯,社會情緒、語言溝通、認知探索,9786267208274,320
113,3~5歲,,世界上最棒的蛇（新版）,湯米・溫格爾,湯米・溫格爾,方素珍,遠見天下文化(小天下),2023-03-01,112-03,翻譯,社會情緒、語言溝通、認知探索,9786263551237,320
114,3~5歲,,酸葡萄,喬里約翰（Jory John）,皮特奧瓦德（Pete Oswald）,王欣榆,格林文化,2023-03-01,112/03,翻譯,社會情緒、語言溝通,9786267180778,350
113,3~5歲,,阿嬤家,翁藝珊,翁藝珊,,信誼基金,2023-02-01,112-02,本土,社會情緒、認知探索,9789861617145,300
114,0~3歲,,小金魚逃走了,五味太郎,五味太郎,信誼基金會出版社編輯部,信誼基金,2023-02-01,112/02,翻譯,社會情緒、認知探索,9789861617084,250
113,3~5歲,,小兔子的超能力,艾蜜莉・瓦茲,艾蜜莉・瓦茲,吳愉萱,親子天下,2023-01-01,112-01,翻譯,認知探索,9786263053762,360
114,3~5歲,,爸爸，10多不多？,薩賓娜．波曼(Sabine Bohlmann),艾蜜莉．吉貝克(Emilia Dziubak),賴雅靜,青林國際,2023-01-01,112/01,翻譯,社會情緒、語言溝通、認知探索,9789862746202,320
114,3~5歲,,我會飛,郭飛飛,郭飛飛,,和平國際文化,2023-01-01,112/01,本土,社會情緒、認知探索,9789863714095,280
112,3~5歲,,我的城市會說話：不用眼睛，更能聽見都市模樣,戴倫‧勒布夫,艾詩麗‧巴倫,葉嘉青,小宇宙文化(方言出版),2022-12-01,11112,翻譯,,9786267208038,340
113,3~5歲,,晚安，小熊,鄭潔文,鄭潔文,,聯經出版,2022-12-01,111-12,本土,社會情緒、認知探索,9789570864380 ,380
113,0~3歲,,再仔細看一看,shimizu,shimizu,蘇懿禎,小熊出版,2022-11-01,111-11,翻譯,語言溝通、認知探索、美感,9786267224069,350
113,3~5歲,,恐龍先生流鼻涕以後,童言,劉佩佩、常博文,,信誼基金,2022-11-01,111-11,翻譯,社會情緒、語言溝通、認知探索,9789861617077,280
113,3~5歲,,做伙來踅大稻埕-大稻埕動物園,林小杯,林小杯,,是路故事,2022-11-01,111-11,本土,本土語言圖書、語言溝通、認知探索、美感,9786269534722,304
113/114,3~5歲,,大大先生,艾德・維爾(Ed Vere),艾德・維爾(Ed Vere),海狗房東,維京國際,2022-11-01,111/11,翻譯,社會情緒,9789864404483 ,350
112,3~5歲,,綴圓仔講臺語2：佮阿公踅菜市場,海狗房東,黃立佩,呂美親,玉山社,2022-10-01,11110,本土,,9789862943120,380
113,3~5歲,,媽媽，對不起！,宮西達也,宮西達也,蘇懿禎,小熊出版,2022-10-01,111-10,翻譯,社會情緒、語言溝通,9786267140901,350
113/114,3~5歲,,小紙船看海（新版）,林良,鄭明進,,聯經出版,2022-10-01,111/10,本土,社會情緒、認知探索,9789570865332,350
114,0~3歲,,毛朋友：小小的,陳彥伶,陳彥伶,,弘雅三民(小山丘),2022-09-01,111/09,本土,社會情緒、語言溝通、健康與安全,9786263077300,329
112,3~5歲,,我來幫你開,吉竹申介,吉竹伸介,游珮芸,親子天下,2022-08-01,11108,翻譯,生活自理,9786263052215,300
114,3~5歲,,神祕甲蟲,許增巧,許增巧,蕭昀(審訂),聯經出版,2022-08-01,111/08,本土,認知探索、健康與安全,9789570864656,350
114,3~5歲,,記憶氣球,潔西．歐利維羅斯(Jessie Oliveros),達娜．沃非科提(Dana Wulfekotte),黃筱茵,道聲出版,2022-07-01,111/07,翻譯,社會情緒、認知探索、健康與安全,9789864004225,380
114,0~3歲,,章魚先生賣雨傘,韓煦,韓煦,,南門書局,2022-07-01,111/07,翻譯,社會情緒、語言溝通、認知探索,9786263420137,320
114,0~3歲,,孩子的情緒互動書-生氣的書,塞得里克．哈瑪迪耶(Cédric Ramadier),文森．布爾喬(Vincent Bourgeau),楊喬安,上誼文化,2022-07-01,111/07,翻譯,社會情緒、語言溝通、認知探索,9789577627353,280
112,3~5歲,,大象忘忘,王宇清,南君,,親子天下,2022-06-01,11106,本土,社會情緒,9786263051850,350
113,3~5歲,,塞車,鄭淑芬,鄭淑芬,,和英出版社,2022-06-01,111-06,本土,社會情緒、語言溝通、認知探索,9789869439251,350
112/113,0~3歲,,0～3歲玩出好腦力：紅色圓形是哪個？,清水大介,清水大介,劉子韻,小熊出版,2022-06-01,11106,翻譯,語言溝通、認知探索、美感,9786267140246,350
114,0~3歲,,再試一次，行不行？,娜歐蜜．瓊斯 (Naomi Jones),詹姆斯・瓊斯(James Jones),游珮芸,水滴文化(城邦出版),2022-06-01,111/06,翻譯,社會情緒、認知探索、美感,9786267038321,360
112/113/114,3~5歲,是,最小的犛牛,露・弗雷澤(Lu Fraser),凱特・辛德利(Kate Hindley),吳愉萱,阿布拉教育文化,2022-06-01,111/06,翻譯,社會情緒、語言溝通、生活自理,9786269586844,300
113,3~5歲,,丹尼爾的美好一天,米夏・亞齊,米夏・亞齊,吳其鴻,米奇巴克,2022-05-01,111-05,翻譯,社會情緒、語言溝通、認知探索,9789860645163,320
114,3~5歲,,好想變成你,奧利維耶．塔列克(Olivier Tallec),奧利維耶．塔列克(Olivier Tallec),宋珮,道聲出版,2022-05-01,111/05,翻譯,社會情緒、語言溝通、認知探索,9789864004188,300
112/113,0~3歲,,兔子先生去散步,五味太郎,五味太郎,信誼編輯部,信誼基金,2022-04-01,11104,翻譯,社會情緒、語言溝通、認知探索,9789861616759,220
113,3~5歲,,影子,Suzy Lee,Suzy Lee,,大塊文化,2022-04-01,111-04,翻譯,身體動作、語言溝通、認知探索,9789860777956,450
114,3~5歲,,麥基先生請假的那一天,菲立普．史戴(Philip C. Stead),艾琳．史戴(Erin E. Stead),柯倩華,小魯文化,2022-04-01,111/04,翻譯,社會情緒、語言溝通、美感,9786267043189,360
114,3~5歲,,亂七八糟的口袋,思琪．漢歐爾(Ziggy Habaor),丹尼爾．格雷．巴奈特(Daniel Gray-Barnett),劉清彥,典藏藝術家庭(小典藏),2022-04-01,111/04,翻譯,社會情緒、認知探索、生活自理,9786267031247,350
114,0~3歲,,香蕉事件,高畠那生,高畠那生,米雅,拾光工作室,2022-04-01,111/04,翻譯,身體動作、社會情緒、認知探索,9789869873659,320
112,3~5歲,,麥基先生錯過巴士的那一天,菲立普．史戴,艾琳．史戴,劉清彥,小魯文化,2022-03-01,11103,翻譯,社會情緒、語言溝通、美感,9786267043783,400
112,3~5歲,,森林有多少樹？,巴胡,巴胡,歐玲瀞,小宇宙文化(方言出版),2022-03-01,11103,翻譯,,9786269576333,320
112,3~5歲,,我要找回我的帽子,雍．卡拉森,雍．卡拉森,柯倩華,親子天下,2022-03-01,11103,翻譯,社會情緒,9786263050709,360
112/113,3~5歲,,阿里的飛機,約翰‧伯寧罕、比爾‧薩拉曼,海倫‧奧森柏莉、約翰‧伯寧罕,林真美,遠流出版,2022-03-01,111-03,翻譯,語言溝通、認知探索、生活自理,9789573294498,320
112/113,0~3歲,,蔬果戴帽子,三浦太郎,三浦太郎,林佩勳,小魯文化,2022-03-01,11103,翻譯,身體動作、認知探索、生活自理,9789865566814,300
113/114,3~5歲,,海底在排什麼呢？,大村知子,大村知子,林芝儀,小魯文化,2022-03-01,111/03,翻譯,社會情緒、語言溝通、認知探索,9786267043820,350
114,3~5歲,,媽媽小時候：第一次參加婚禮,鄭靜儀,陳麗雅,,小魯文化,2022-03-01,111/03,本土,社會情緒、語言溝通、認知探索,9789865566692,350
114,3~5歲,,大口大口吃掉一半,渡邊鐵太,南伸坊,許婷婷,弘雅三民(小山丘),2022-03-01,111/03,翻譯,身體動作、語言溝通、生活自理,9786263075306,329
114,0~3歲,,大熊來了,理查．莫里斯(Richard T. Morris),范雷韻(LeUyen Pham),黃聿君,遠見天下文化(小天下),2022-02-01,111/02,翻譯,社會情緒、認知探索、健康與安全,9789865254230,320
112,3~5歲,,屋裡屋外,范雷韻,范雷韻,柯倩華,青林國際,2022-01-01,11101,翻譯,,9789862745663,360
112,3~5歲,,貓咪看家,町田尚子,町田尚子,上誼編輯部,上誼文化,2022-01-01,11101,翻譯,認知探索、美感,9789577627018,320
112,0~3歲,,一粒種籽（初心版）,劉旭恭,劉旭恭,,玉山社,2022-01-01,11101,本土,,9789862942956,350
111,3~5歲,,樹的透視書,Nosy Crow,漢娜．艾莉絲,鍾慧元,三民書局,2022-01-01,111.01,翻譯,認知探索、美感,9786263072350,399
112/113,3~5歲,,翠鳥,邱承宗,邱承宗,,親子天下,2022-01-01,111-01,本土,認知探索、美感,9789575036799,380
111,0~3歲,,輕輕的,瀧村有子,丸山綾子,米雅,青林國際,2021-12-01,110,翻譯,社會情緒、生活自理,9789862745595,300
113/114,0~3歲,,躲好了沒？,吉列爾梅・卡斯騰(Guilherme Karsten),吉列爾梅・卡斯騰(Guilherme Karsten),艾可,水滴文化(城邦出版),2021-12-01,110/12,翻譯,語言溝通、認知探索、美感,9786267038079,360
114,3~5歲,,最後一匹狼,蜜妮‧葛瑞(Mini Grey),蜜妮‧葛瑞(Mini Grey),柯倩華,米奇巴克,2021-12-01,110/12,翻譯,社會情緒、認知探索,9789860645132,300
112,3~5歲,,耶誕老公公的紅手套,三浦太郎,三浦太郎,紀富元,小魯文化,2021-11-01,11011,翻譯,社會情緒、語言溝通、美感,9786267043004,320
111,3~5歲,,100顆種子,伊莎貝．明霍斯．馬汀,河野雅拉,歐玲瀞,小魯文化,2021-11-01,110.11,翻譯,認知探索,9786267043318,350
112/113/114,0~3歲,是,小雞逃跑記,五味太郎,五味太郎,游珮芸,信誼基金,2021-11-01,110/11,翻譯,社會情緒、認知探索,9789861616636,250
113/114,0~3歲,,住在黑白洞穴裡的鼴鼠,特瑞莎・賽迪瓦(Tereza Sediva),特瑞莎・賽迪瓦(Tereza Sediva),黃筱茵,阿布拉教育文化,2021-11-01,110/11,翻譯,社會情緒、認知探索、美感,9786269500741,320
111/113/114,0~3歲,是,來跳吧!律動遊戲書,赫威・托雷(Hervé Tullet),赫威・托雷(Hervé Tullet),,上誼文化,2021-11-01,110/10,翻譯,身體動作、認知探索,9789577627117,450
112/114,3~5歲,,最棒的樹,約翰．杜佛（John Duvall）,茹貝卡‧吉本（Rebecca Gibbon）,黃筱茵,青林國際,2021-11-01,110/11,翻譯,社會情緒、語言溝通、美感,9789862745588,320
113/114,3~5歲,,動物園的祕密,黃一文,黃一文,,遠流出版,2021-11-01,110-11,本土,社會情緒、認知探索、美感,9786267043820,320
112,3~5歲,,123生台灣,陳盈帆,陳盈帆,,聯經出版,2021-10-01,11010,本土,,9789570860405,280
112/113,3~5歲,,我的粉蠟筆,許智偉,許智偉,,青林國際,2021-10-01,110-10,本土,社會情緒、生活自理、美感,9789862745458,300
111,3~5歲,,國王的孩子們,三浦太郎,三浦太郎,邱瓊慧,小魯文化,2021-10-01,110.10,翻譯,社會情緒、認知探索、美感,9789865566852,350
111,0~3歲,,Sassy0~3歲視覺刺激遊戲書：獅子吼吼,La ZOO,La ZOO,何姵儀,采實文化,2021-10-01,110,翻譯,認知探索、語言溝通,9789865074432,280
112,3~5歲,,阿祖，再見,林柏廷,林柏廷,,遠見天下文化(小天下),2021-10-01,11010,本土,社會情緒、語言溝通、認知探索,9789865253257,330
113,3~5歲,,魔法的秋天,崔麗君,崔麗君,,聯經出版,2021-10-01,110-10,本土,語言溝通、認知探索、健康與安全,9789570860078 ,300
112/114,0~3歲,,愛說不要的小兔子,瑪佑克．亨瑞克斯(Marjoke Henrichs),,柯倩華,水滴文化(城邦出版),2021-10-01,110/10,翻譯,社會情緒、認知探索、生活自理,9786267038055,380
113/114,0~3歲,,起床囉！,陶樂蒂,陶樂蒂,,親子天下,2021-10-01,110/10,本土,身體動作、語言溝通、健康與安全,9786263050860,280
113/114,3~5歲,,永遠都不要！,碧翠絲・阿雷馬娜(Beatrice Alemagna),碧翠絲・阿雷馬娜(Beatrice Alemagna),郭妙芳,阿布拉教育文化,2021-10-01,110/10,翻譯,社會情緒、語言溝通、生活自理,9786269500734 ,360
112/113,3~5歲,,亞歷山大和發條鼠,李歐‧李奧尼,李歐‧李奧尼,葉嘉青,步步出版,2021-09-01,110-09,翻譯,社會情緒、認知探索,9789579380959,320
111,3~5歲,,我的新鄰居,凱思雅．丹尼斯維奇,凱思雅．丹尼斯維奇,潘欣,遠見天下文化(小天下),2021-09-01,110.09,翻譯,社會情緒,9789865252564,320
111/112,3~5歲,,一起來做兔子吧,李歐．李奧尼,李歐．李奧尼,葉嘉青,步步出版,2021-09-01,110.09,翻譯,認知探索、美感,9789579380973,320
111/113,3~5歲,,世界上最美的聲音,吳欣芷,吳欣芷,,拾光工作室,2021-09-01,110-09,本土,社會情緒、美感,9789869873642,360
112,3~5歲,,哪邊是哪邊,張筱琦,張筱琦,,南一書局(親子時堂),2021-09-01,11009,本土,認知探索、美感,9789865306922,350
112/113,3~5歲,,狐狸與樹,陳彥伶,陳彥伶,,東方出版,2021-09-01,110-09,本土,社會情緒、語言溝通、認知探索,9789863384137,300
112,3~5歲,,1、2、3，上學去！,瑪麗安．杜布,瑪麗安．杜布,辛兆瑜,遠見天下文化(小天下),2021-08-01,11008,翻譯,,9789865251970,350
112,3~5歲,,呼嚕呼嚕的書店小貓,吳欣芷,吳欣芷,,典藏藝術家庭(小典藏),2021-08-01,11008,本土,語言溝通、認知探索、美感,9789579057868,350
112/113,3~5歲,,綠上加綠,黛安娜・懷特,費希塔・莎拉,游珮芸,米奇巴克,2021-08-01,110-08,翻譯,社會情緒、認知探索、美感,9789860645101,320
112,3~5歲,,藍色小屋,凱莉．喬丹,潔西卡．寇特妮─堤可,柯倩華,米奇巴克,2021-08-01,11008,翻譯,社會情緒、認知探索、健康與安全,9789860645125,320
111/112,3~5歲,,反正都可以到嘛！,張筱琦,張筱琦,,遠流出版,2021-08-01,110.08,本土,社會情緒,9789573292241,350
111,3~5歲,,熊與鳥──不受限的故事,金容大 ,金容大,蕭瑋婷,小宇宙文化,2021-08-01,110.08,翻譯,社會情緒、語言溝通,9789860641721,320
111,3~5歲,,我是黑天鵝,劉清彥,張蓓瑜,,親子天下,2021-08-01,110.08,本土,社會情緒、身體動作,9786263050327,320
113,0~3歲,,什麼形狀，都行！,娜歐蜜・瓊斯,詹姆斯・瓊斯,游珮芸,水滴文化,2021-08-01,110-08,翻譯,社會情緒、語言溝通、認知探索,9789579529914,360
112,3~5歲,,從無到有工程大剖析：大樓,鹿島建設株式會社,田島直人,李彥樺,小熊出版,2021-07-01,11007,翻譯,認知探索,9789865593483,350
111/112,3~5歲,,熱天的時陣──嚕嚕的夏天,儲玉玲,儲嘉慧,,聯經出版,2021-07-01,110.07,本土,語言溝通、認知探索,9789570858600,300
111/112/113,3~5歲,是,爸爸的小貨車,Mori 三木森,Mori 三木森,,拾光工作室,2021-07-01,110-07,翻譯,社會情緒、認知探索,9789869873635,320
114,3~5歲,,森林100層樓的家,岩井俊雄,岩井俊雄,林佩勳,小魯文化,2021-07-01,110/07,翻譯,社會情緒、語言溝通、認知探索,9789865566555,350
114,3~5歲,,春天佇佗位,黃靜雅,鹿雅,,玉山社,2021-07-01,110/07,本土,語言溝通、認知探索、美感,9789862942727,420
111,3~5歲,,夏夜,楊喚,黃本蕊,,愛米粒,2021-06-01,110.06,本土,語言溝通、美感,9789869991773,320
111/112,3~5歲,,夏天的滋味,千美眞,申珍岵,簡郁璇,遠流出版,2021-06-01,110.06,翻譯,認知探索、美感,9789573290124,360
111,3~5歲,,神奇行李箱,克里斯．內勒–巴列斯特羅斯,克里斯．內勒–巴列斯特羅斯,柯倩華,遠見天下文化(小天下),2021-06-01,110.06,翻譯,社會情緒、語言溝通,9789865251635,350
111/112/113,3~5歲,是,不一樣的1,吳亞男,柳壟沙,,信誼基金,2021-06-01,110-06,翻譯,語言溝通,9789861616551,280
113,3~5歲,,好想好想見到你,宮西達也,宮西達也,林真美,維京國際,2021-06-01,110-06,翻譯,社會情緒、認知探索,9789864403899,300
114,3~5歲,,怎麼說對不起,大衛‧拉羅謝(David LaRochelle),麥克‧沃那卡(Mike Wohnoutka),上誼編輯部,上誼文化,2021-06-01,110/06,翻譯,社會情緒、語言溝通、認知探索,9789577627001,300
111/112/114,3~5歲,是,翠翠掉下去了！,科瑞．R‧塔博,科瑞．R‧塔博,柯倩華,三民書局,2021-06-01,110/06,翻譯,認知探索、社會情緒,9789571471983,350
112,3~5歲,,沒有字的明信片,向田邦子、角田光代,西加奈子,林真美,小麥田出版,2021-05-01,11005,翻譯,,9789578544758,360
111,3~5歲,,世界喜歡這樣的你,喬安娜．蓋恩斯,朱利安娜．史旺尼,陳采瑛,遠流出版,2021-05-01,110.05,翻譯,社會情緒,9789573290728,350
111,3~5歲,,我的完美願望,麗莎．曼徹芙,潔西卡．寇特妮-堤可,游佩芸,米奇巴克,2021-05-01,110.05,翻譯,社會情緒、認知探索,9789866215995,320
111,0~3歲,,毛衣勾到了！,趙小傑,森酪梨,,康軒文教,2021-05-01,110,本土,社會情緒、認知探索,9789865357078,280
111/112/114,3~5歲,是,我們的星期六,歐葛．摩拉(Oge Mora),歐葛．摩拉(Oge Mora),宋珮,遠見天下文化(小天下),2021-05-01,110/05,翻譯,社會情緒、美感,9789865251284,350
112/113/114,0~3歲,是,我的花卉寶寶,陳麗雅,陳麗雅,,小魯文化,2021-05-01,110/05,本土,社會情緒、認知探索、美感,9789865566180,300
112/113,3~5歲,,是誰在跳呢？,李政霖,李政霖,,維京國際,2021-04-01,110-04,翻譯,身體動作、語言溝通、認知探索,9789864403479,399
111,3~5歲,,大家一起玩泥巴,張秀毓,張秀毓,,小魯文化,2021-04-01,110.04,本土,社會情緒、認知探索,9789865566067,320
111,0~3歲,,我要,粘忘凡,Mori 三木森,,青林國際,2021-04-01,110,本土,社會情緒、認知探索,9789862745380,300
113,3~5歲,,沒有名字的貓,竹下文子,町田尚子,黃惠綺,東方出版,2021-04-01,110-04,翻譯,社會情緒、認知探索、美感,9789863383857,320
111/112/113,3~5歲,是,企鵝演奏會,陳彥伶,陳彥伶,,信誼基金,2021-04-01,110-04,翻譯,社會情緒、語言溝通,9789861616360,320
112/113,3~5歲,,校外教學到月球,約翰．海爾,約翰．海爾,小麥田出版,小麥田出版,2021-03-01,110-03,翻譯,語言溝通、認知探索、美感,9789578544512,360
111,0~3歲,,地球寶寶晚安,幾米,幾米,,遠見天下文化(小天下),2021-03-01,110.03,本土,社會情緒、語言溝通、美感,9789865250508,380
112/114,0~3歲,,小寶寶快來了,莉比．葛利森(Libby Gleeson),潔妲．羅巴德(Jedda Robaard),柯倩華,水滴文化(城邦出版),2021-03-01,110/04,翻譯,社會情緒、語言溝通、生活自理,9789579529778,360
113/114,0~3歲,,安野光雅的數數看,安野光雅,安野光雅,,遠見天下文化(小天下),2021-03-01,110/03,翻譯,語言溝通、認知探索、美感,9789865250737,350
114,0~3歲,,拍花籮,潘人木,曹俊彥,,信誼基金,2021-03-01,110/03,本土,社會情緒、語言溝通、認知探索,9789861616377,200
113/114,3~5歲,,鱷魚的不行不行小黃瓜,隅倉智子（すみくらともこ）,隅倉智子（すみくらともこ）,米雅,拾光工作室,2021-03-01,110/03,翻譯,社會情緒、認知探索、生活自理,9789869873628 ,280
112,3~5歲,,我們班的新同學 斑傑明‧馬利,賴馬,賴馬,,親子天下,2021-02-01,11002,本土,社會情緒,9789575037581,380
112/113,3~5歲,,數字比一比,西內久典,安野光雅,唐亞明,步步出版,2021-02-01,110-02,翻譯,認知探索、美感,9789579380652,320
112,3~5歲,,那些消失的事,碧翠絲‧阿雷馬娜,碧翠絲‧阿雷馬娜,王卉文,阿布拉教育文化,2021-01-01,11001,翻譯,社會情緒、語言溝通、美感,9789865876999,399
112,0~3歲,,一百萬個親親,諶淑婷,詹廸薾,,巴巴文化,2021-01-01,11001,本土,,9789869880374,350
112,0~3歲,,比利，你在哪裡？,米雅,米雅,,三民書局,2021-01-01,11001,本土,,9789571469874,250
111,0~3歲,,阿啾在哪裡？,廖書荻,廖書荻,,玉山社,2021-01-01,110.01,本土,社會情緒,9789862942659,350
111,0~3歲,,比利生病了,米雅,米雅,,三民書局,2021-01-01,110.01,本土,語言溝通、健康與安全、生活自理,9789571469898,250
112,3~5歲,,不要叫我小不點！,瑪雅邁爾斯,任惠元,王欣榆,格林文化,2021-01-01,11001,翻譯,社會情緒、語言溝通、生活自理,9789865576349,320
114,3~5歲,,人體透視書,Nosy Crow,漢娜．艾莉絲(Hannah Alice),鍾慧元,三民書局,2021-01-01,110/01,翻譯,認知探索、健康與安全、美感,9789571468976,399
114,3~5歲,,小烏龜楚門,珍．瑞迪(Jean Reidy),露西．魯絲．庫敏士(Lucy Ruth Cummins),張淑瓊,道聲出版,2021-01-01,110/01,翻譯,認知探索、生活自理,9789864003204,300
111/114,3~5歲,,地圖喵：啟蒙孩子的圖像思維,喬伊絲．海索柏斯(Joyce Hesselberth),喬伊絲．海索柏斯(Joyce Hesselberth),高尼可,親子天下,2021-01-01,110/01,翻譯,認知探索、美感,9789575037079,350
111/112,3~5歲,,喀噠喀噠喀噠（新版）,林小杯,林小杯,,步步出版,2020-12-01,109.12,本土,語言溝通、認知探索、社會情緒,9789579380744,450
111/112,3~5歲,,大家來玩躲貓貓,王春子,王春子,,遠流出版,2020-12-01,109.12,本土,社會情緒、認知探索,9789573289111,320
111,3~5歲,,道路,五味太郎,五味太郎,高明美,步步出版,2020-12-01,109.12,翻譯,認知探索,9789579380645,320
111,0~3歲,,猜猜我有多愛你：你想和我做朋友嗎？,山姆．麥克布雷尼,安妮塔．婕朗,,上誼文化,2020-12-01,109.12,翻譯,社會情緒、語言溝通,9789577626929,300
110,0~3歲,,小噗，晚安,珊卓．波伊頓,珊卓．波伊頓,李紫蓉,,2020-12-01,109-12,翻譯,生活自理,9789577626813,
110,3~5歲,,媽咪在哪裡？,貝芙莉‧唐諾費歐,芭芭拉‧麥克林托克,陳慶祐,,2020-11-01,109-11,翻譯,社會情緒,9789579529716,
113,0~3歲,,蒙特梭利寶寶啟蒙繪本：跟我來!,琪亞拉・皮羅迪,安涅絲・巴魯吉,,大石國際,2020-11-01,109-11,翻譯,身體動作、認知探索,9789869956321,260
113,3~5歲,,在圓木橋上搖晃（新版）,木村裕一,秦好史郎,林真美,維京國際,2020-11-01,109-11,翻譯,社會情緒、語言溝通、認知探索,9789864403516,280
111,3~5歲,,等啊等，在排什麼隊呀？,高畠那生,高畠那生,黃惠綺,親子天下,2020-10-01,109.10,翻譯,社會情緒、健康與安全,9789575036720,300
111/112/113,3~5歲,是,我說話像河流,喬丹．史考特,席尼．史密斯,劉清彥,拾光工作室,2020-10-01,109-10,翻譯,社會情緒、語言溝通,9789869873611,380
111/112/113,3~5歲,是,漢妲的驚喜,艾琳‧布朗,艾琳‧布朗,游珮芸,遠見天下文化(小天下),2020-10-01,109-10,翻譯,認知探索、社會情緒,9789865535698,320
113,3~5歲,,喀嚓喀嚓爺爺的恐龍王國,松岡達英,松岡達英,周郁寧,米奇巴克,2020-10-01,109-10,翻譯,社會情緒、認知探索、美感,9789866215971,280
112/114,3~5歲,,被罵了，怎麼辦？,北村裕花,北村裕花,蘇懿禎,小熊出版(讀書共和國),2020-10-01,109/10,翻譯,社會情緒、語言溝通、認知探索,9789865503857,320
114,3~5歲,,如果冬天來了，告訴它我不在喔,西蒙娜．希洛羅,西蒙娜．希洛羅,黃筱茵,三民書局,2020-10-01,109/10,翻譯,社會情緒、語言溝通、認知探索,9789571468556,350
114,3~5歲,,給森林照相館的信,李時遠,李時遠,許延瑜,青林國際,2020-10-01,109/10,翻譯,社會情緒、語言溝通、認知探索,9789862745021,320
112,3~5歲,,小星的大月餅,林珮思,林珮思,黃筱茵,遠見天下文化(小天下),2020-09-01,10909,翻譯,,9789865535193,360
110,0~3歲,,水果海水浴！,石津千尋,山村浩二,林真美,,2020-09-01,109-09,翻譯,美感,9789864403295,
110,0~3歲,,小手變變變,盧揚、波切拉,奧雷基亞,楊雲琦,,2020-09-01,109-09,翻譯,身體動作,9789861899756,
113,3~5歲,,狐狸拔了11顆牙,鄭淑芬,鄭淑芬,,水滴文化,2020-09-01,109-09,本土,社會情緒、認知探索,9789579529624 ,340
114,3~5歲,,這樣公平嗎？,皮帕‧古哈特(Pippa Goodhart),安娜‧多博蒂(Anna Doherty),黃筱茵,典藏藝術家庭(小典藏),2020-09-01,109/09,翻譯,社會情緒、語言溝通、認知探索,9789579057691,300
112/113/114,3~5歲,是,遇到選擇時，你會怎麼做？,五味太郎,五味太郎,游珮芸,小熊出版(讀書共和國),2020-09-01,109/09,翻譯,語言溝通、認知探索,9789865503734,320
112,3~5歲,,猴子撈月,張俊杰,張俊杰,,信誼基金,2020-08-01,10908,翻譯,社會情緒、認知探索,9789861616131,320
111/112,3~5歲,,今天的月亮,張筱琦,張筱琦,,南一書局(親子時堂),2020-08-01,109.08,本土,社會情緒、美感,9789574436675,320
113,3~5歲,,惡龍在哪裡,雷歐・提姆,雷歐・提姆,林敏雅,青林國際,2020-08-01,109-08,翻譯,身體動作、語言溝通、認知探索,9789862744994,299
110/112/113,3~5歲,是,一個像海的地方,林柏廷,林柏廷,,遠流出版,2020-08-01,109-08,本土,認知探索,9789573288480,300
113,3~5歲,,誰的襪子,孫俊,孫俊,,信誼基金,2020-08-01,109-08,翻譯,社會情緒、認知探索、美感,9789861616230 ,280
113/114,0~3歲,,大家來畫月亮,曹俊彥,曹俊彥,,信誼基金,2020-08-01,109/08,本土,身體動作、語言溝通、認知探索,9789861616186 ,200
112,0~3歲,,鼹鼠的禮物,海文．歐瑞,蘇珊．巴蕾,范曉星,和英出版,2020-07-01,10907,翻譯,,9789869883139,320
112/113,3~5歲,,鼴鼠的願望,金祥謹,金祥謹,許延瑜,青林國際,2020-07-01,109-07,翻譯,社會情緒、認知探索、美感,9789862744925,320
112,3~5歲,,柯爾達的鐵線世界,希伯．波思圖瑪,希伯．波思圖瑪,謝佩霓,典藏藝術家庭(小典藏),2020-07-01,10907,翻譯,身體動作、認知探索、美感,9789579057646,300
111,3~5歲,,跨代的對話：請聽我說,林玫伶、 臺北市國語實驗國民小學學生,鄭淑芬、國語實小美術創文社,,國語日報社,2020-07-01,109.07,本土,社會情緒、語言溝通,9789577518521,300
110,3~5歲,,第五個,恩斯特‧揚德,諾爾曼‧容格,高玉菁,三之三文化,2020-07-01,109-07,翻譯,社會情緒,9789865664442,
110,3~5歲,,寶寶好習慣養成系列套書4：安全小常識,田淑現,閔有敬,簡郁璇,,2020-07-01,109-07,翻譯,健康與安全,9789865517144,
110,0~3歲,,阿奇最愛說：不要！,翠絲．寇德羅伊,提姆．沃恩斯,孫昭業,,2020-07-01,109-07,翻譯,社會情緒,9789862488911,
110/111/113,0~3歲,是,小黑熊形狀遊戲書──圓形 三角形 正方形,柏原晃夫,柏原晃夫,上誼編輯部,上誼文化,2020-07-01,109.07,翻譯,認知探索,9789577625779,350
110/112/113,0~3歲,是,在爸爸的背上,瑪麗安．杜布,瑪麗安．杜布,上誼編輯部,上誼文化,2020-07-01,109-07,翻譯,社會情緒,9789577626875,250
110/112/113,3~5歲,是,阿姆，謝謝妳！,歐葛．摩拉,歐葛．摩拉,宋珮,遠見天下文化(小天下),2020-07-01,109-07,翻譯,社會情緒,9789865535056,360
113,3~5歲,,是誰留下的痕跡,劉伯樂,劉伯樂,,信誼基金,2020-07-01,109-07,本土,認知探索、美感,9789861615561 ,280
111/112,3~5歲,,騎著恐龍去圖書館,劉思源,林小杯,,步步出版,2020-06-01,109.06,本土,社會情緒、認知探索,9789579380591,320
110,3~5歲,,歡迎光臨口罩動物村,黃芝瑩,黃芝瑩,,,2020-06-01,109-06,本土,健康與安全,9789575036119,
112,0~3歲,,一打開 大驚喜  一二三 哇！,新井洋行,新井洋行,張玲玲,格林文化,2020-05-01,10905,翻譯,,9789861899725,299
111,3~5歲,,明天，很有可能,戴夫．艾格斯,藍．史密斯,劉清彥,拾光工作室,2020-05-01,109.05,翻譯,語言溝通,9789869873604,330
111,0~3歲,,蔬菜白熊,柴田啟子,柴田啟子,Choyce,小魯文化,2020-05-01,109.05,翻譯,認知探索、健康與安全,9789865513306,300
111/112/113,3~5歲,是,甘伯伯的犀牛,約翰･伯寧罕,約翰･伯寧罕,吳娉婷,阿爾發國際,2020-05-01,109-05,翻譯,社會情緒,9789869413169,280
111/114,3~5歲,,我家是動物園,正道薰,大島妙子,游珮芸,上誼文化,2020-05-01,109/05,翻譯,語言溝通、社會情緒,9789577626868,250
111,3~5歲,,不管怎麼樣你都會愛我嗎？,黛比．葛莉歐利,黛比．葛莉歐利,李貞慧,采實文化,2020-04-01,109.04,翻譯,社會情緒、語言溝通、認知探索,9789865071172,320
111,3~5歲,,這條橡皮筋是我的,吉竹伸介,吉竹伸介,許婷婷,三采文化,2020-04-01,109.04,翻譯,認知探索,9789576583230,280
113/114,3~5歲,,123轉台灣,陳盈帆,陳盈帆,,聯經出版,2020-04-01,109/04,本土,語言溝通、認知探索,9789570854909 ,280
111,3~5歲,,等媽媽來的時候,張筱琦,張筱琦,,東方出版,2020-03-01,109.03,本土,社會情緒、生活自理、認知探索,9789863383079,280
111,0~3歲,,早安動物園,微笑先生（陳翠吟）,莉秦（黃莉秦）,,南一書局(親子時堂),2020-03-01,109.03,本土,身體動作、生活自理,9789574436552,270
111,0~3歲,,滾啊滾 睡覺覺,田中伸,田中伸,張玲玲,格林文化,2020-03-01,109.03,翻譯,生活自理、語言溝通,9789861899558,220
114,3~5歲,,我才沒有迷路,板橋雅弘,茂利勝彥,邱瓊慧,上誼文化,2020-03-01,109/03,翻譯,社會情緒、生活自理,9789577626806,280
112,3~5歲,,神奇大傘,艾美．瓊．貝茲、茱妮珀．貝茲,艾美．瓊．貝茲,劉清彥,遠見天下文化(小天下),2020-02-01,10902,翻譯,,9789864799138,350
111,0~3歲,,淘氣鴿子：我不想去上學！,莫‧威樂,莫‧威樂,吳愉萱,采實文化,2020-02-01,109.02,翻譯,社會情緒、語言溝通,9789865070854,320
110,0~3歲,,哈囉，大象太太！,珊曼．鮑頓,珊曼．鮑頓,謝維玲,,2020-02-01,109-02,翻譯,認知探索,9789579529181,
113,0~3歲,,比你更高！,慶惠媛,慶惠媛,賴毓棻,剛好閱讀,2020-02-01,109-02,翻譯,社會情緒、語言溝通,9789869694179,290
113,3~5歲,,HOME,林廉恩,林廉恩,,巴巴文化,2020-02-01,109-02,本土,社會情緒、語言溝通、美感,9789869743709,350
114,3~5歲,,送花給你,姜景琇（강경수）,姜景琇（강경수）,葉雨純,東方出版社,2020-02-01,109/02,翻譯,認知探索、健康與安全、美感,9789863383024,320
111,3~5歲,,坐在世界的一角,布蘭登・溫佐,布蘭登・溫佐,宋珮,拾光工作室,2020-01-01,109.01,翻譯,認知探索、美感,9789869685184,450
111,0~3歲,,你來幫幫我，我來幫幫你！,金福泰,金福泰,林玗潔,小魯文化,2020-01-01,109.01,翻譯,社會情緒,9789862119877,280
110/112,3~5歲,,生氣的亞瑟,海文．歐瑞,喜多村惠,柯倩華,,2020-01-01,109-01,翻譯,社會情緒,9789864799121,
110/112,3~5歲,,海浪,蘇西・李,蘇西・李,吳文君,,2020-01-01,109-01,翻譯,"認知探索,美感",9789865406462,
110/111/112,0~3歲,是,寶寶喜歡吃,李瑾倫,李瑾倫,,信誼基金,2020-01-01,109.01,本土,認知探索、生活自理、身體動作,9789861616063,280
110,3~5歲,,國王陛下回來前的100秒！,柏原佳世子,柏原佳世子,林宜柔,,2020-01-01,109-01,翻譯,語言溝通,9789579077767,
110,3~5歲,,老鼠牙醫──地嗖頭,威廉‧史塔克,威廉‧史塔克,孫晴峰,,2020-01-01,109-01,翻譯,"生活自理,健康與安全",9789577626615,
110,3~5歲,,想念，不再傷心,布萊恩利斯,布萊恩利斯,何儀,,2020-01-01,109-01,翻譯,社會情緒,4713269121749,
110/112/113,0~3歲,是,寶寶不想睡,李瑾倫,李瑾倫,,信誼基金,2020-01-01,109-01,本土,社會情緒,9789861616070,280
113,3~5歲,,我愛新衣服,石麗蓉,石麗蓉,,小兵出版,2020-01-01,109-01,本土,社會情緒、語言溝通、認知探索,9789579047548 ,280
110/111/114,0~3歲,是,蛙弟穿衣服,強納森．倫頓（Jonathan London）,法蘭克．倫奇維滋（Frank Remkiewicz）,張淑瓊,拾光工作室,2020-01-01,109/01,翻譯,身體動作、生活自理、語言溝通,9789869685160,300
111,3~5歲,,還差一點 還差一點,木村裕一,高畠純,林宜和,上誼文化,2019-12-01,108.12,翻譯,身體動作、社會情緒,9789577626653,280
111,3~5歲,,胡利安是隻美人魚,潔西卡．洛夫,潔西卡．洛夫,陳思宏,三民書局,2019-12-01,108.12,翻譯,社會情緒、語言溝通,9789571466927,329
109,3~5歲,,夢遊,顏志豪,薛慧瑩,,巴巴文化,2019-12-01,108-12,翻譯,認知探索,9789869743785,350
109/110,0~3歲,,交通工具：小玩具大驚奇,芭露吉,芭露吉,王欣榆,,2019-12-01,108-12,翻譯,認知探索,9789861899473,320
110,0~3歲,,手指變魔術,芭露吉,芭露吉,張政婷,,2019-12-01,108-12,翻譯,"身體動作,認知探索",9789861899374,
113,3~5歲,,最可怕的一天（新版）,湯姆牛,湯姆牛,,遠見天下文化(小天下),2019-12-01,108-12,本土,社會情緒、語言溝通、認知探索,9789864798674 ,350
111/112,3~5歲,,千千萬萬個聖誕老公公,母袋裕子,瑪麗卡．邁亞拉,羅凡怡,野人文化,2019-11-01,108.11,翻譯,認知探索、美感,9789863843931,350
109,0~3歲,,小熊在哪裡？,kiki,許匡匡,,中華民國聾人協會,2019-11-01,108-11,翻譯,"認知探索,語言溝通",9789869840002,380
109,3~5歲,,黑漆漆的夜晚,愛蜜莉‧蘭德,愛蜜莉‧蘭德,黃聿君,,2019-10-01,108-10,翻譯,美感,9789865876746,300
109/112/113,3~5歲,是,城市裡的小訪客,席尼・史密斯,席尼・史密斯,宋珮,拾光工作室,2019-10-01,108-10,翻譯,"社會情緒,語言溝通,美感",9789869685146,360
112/113,3~5歲,,寶貝，該睡覺了……,麥克．巴奈特,伊莎貝爾．阿瑟諾,游珮芸,親子天下,2019-09-01,108-09,翻譯,社會情緒,9789575033880,320
112,0~3歲,,找找貓咪和老鼠,米亞芙尼,米亞芙尼,周婉湘,小果文創,2019-09-01,10809,翻譯,,9789869702157,340
111/113,0~3歲,,大家都會畫畫,郭飛飛,郭飛飛,郭飛飛,阿布拉教育文化,2019-09-01,108-09,本土,美感,9789865876715,320
110,3~5歲,,小羊睡不著,喜多村惠,喜多村惠,劉清彥,三之三文化,2019-09-01,108-09,翻譯,"認知探索,生活自理",9789865664435,
109/111/112,0~3歲,是,小可可愛打嗝,竹下文子,岡田千晶,游珮芸,上誼文化,2019-09-01,108.09,翻譯,生活自理、健康與安全,9789577626622,250
109/110/111,0~3歲,是,慢慢的小樹懶,大村知子,大村知子,游珮芸,上誼文化,2019-09-01,108.09,翻譯,認知探索、身體動作,9789577626639,280
113,3~5歲,,山田家的氣象報告（新版）,長谷川義史,長谷川義史,李瑾倫,維京國際,2019-09-01,108-09,翻譯,社會情緒、認知探索,9789864402830,280
109,0~3歲,,叭!叭!叭!這是什麼車？,林柏廷,林柏廷,,,2019-08-01,108-08,翻譯,認知探索,9789862119372,280
109,3~5歲,,腳踏車輪子,陳志賢,陳志賢,,,2019-08-01,108-08,翻譯,"社會情緒,美感",9789579529150,340
113,3~5歲,,媽媽是一朵雲,海狗房東,林小杯,,巴巴文化,2019-08-01,108-08,本土,社會情緒、認知探索、美感,9789869743754 ,320
111,3~5歲,,快點！快點！,林廉恩,林廉恩,,聯經出版,2019-07-01,108.07,本土,社會情緒,9789570853247,320
109,3~5歲,,車站老鼠,梅格．麥凱倫,梅格．麥凱倫,柯倩華,,2019-07-01,108-07,翻譯,社會情緒,9789579529143,360
109,0~3歲,,淅瀝嘩啦下大雨,大成由子,秦好史郎,黃惠綺,,2019-07-01,108-07,翻譯,"語言溝通,認知探索",9789579077606,399
109/111/113,3~5歲,是,我的美術館,廖倍恩,廖倍恩,,拾光工作室,2019-07-01,108-07,翻譯,身體動作、美感、認知探索,9789869685139,330
109/110/113,3~5歲,是,最棒的禮物,賴馬,賴馬,,親子天下,2019-07-01,108-07,本土,"認知探索,社會情緒",9789575034382,360
113,3~5歲,,企鵝旅館,牛窪良太,牛窪良太,周佩穎,米奇巴克,2019-07-01,108-07,翻譯,社會情緒、語言溝通、認知探索,9789866215872 ,300
111/112,3~5歲,,夏天的早晨,谷內鋼太,谷內鋼太,游珮芸,步步出版,2019-06-01,108.06,翻譯,認知探索、美感、語言溝通,9789579380386,320
110,0~3歲,,不要一直學我啦！,喬納森．艾倫,喬納森．艾倫,游卉庭,,2019-06-01,108-06,翻譯,語言溝通,9789579125468,
109,3~5歲,,鱷魚的一天,喬凡娜‧佐波莉,瑪麗亞恰拉‧荻‧喬治,吳文君,,2019-05-01,108-05,翻譯,美感,9789862139745,380
113,3~5歲,,河馬河馬大嘴巴,劉思源,陳完玲,,巴巴文化,2019-05-01,108-05,本土,社會情緒、認知探索、健康與生活,9789869743716 ,280
112,3~5歲,,書中有一道牆,強．艾吉,強．艾吉,賴嘉綾,三民書局,2019-04-01,10804,翻譯,,9789571466019,329
111/112,0~3歲,,一起去郊遊,約翰．伯寧罕,約翰．伯寧罕,林真美,遠流出版,2019-04-01,108.04,翻譯,語言溝通、認知探索、生活自理,9789573284932,350
109,3~5歲,,好煩好煩的長頸鹿,喬里．約翰,藍・史密斯,游珮芸,水滴文化,2019-04-01,108-04,翻譯,社會情緒,9789869706759,360
109/111/112,3~5歲,是,哇！公園有鷹,何華仁,何華仁,,青林國際,2019-04-01,108.04,本土,認知探索、社會情緒,9789862744345,350
109/112,3~5歲,,小房子烏比,吳語緁,吳語緁,,,2019-04-01,108-04,翻譯,社會情緒,9789861615998,280
109/111,3~5歲,,阿里的車,約翰．伯寧罕,約翰．伯寧罕,林真美,遠流出版,2019-04-01,108.04,翻譯,社會情緒,9789573284949,280
112,0~3歲,,送給你,童嘉,童嘉,,聯經出版,2019-03-01,10803,本土,,9789570852691,270
109,0~3歲,,我是誰？,崔斯坦莫瑞,崔斯坦莫瑞,黃鈞荻,,2019-03-01,108-03,翻譯,"身體動作,認知探索",9789861898766,420
112/113,3~5歲,,挖土機與小花,約瑟夫‧庫夫勒,約瑟夫‧庫夫勒,黃筱茵,水滴文化(城邦出版),2019-02-01,108-02,翻譯,社會情緒、語言溝通、認知探索,9789869674744,350
109,3~5歲,,樹林裡的房子,茱莉‧福萊諾,藍‧史密斯,劉清彥,拾光工作室,2019-02-01,108-02,翻譯,"社會情緒,語言溝通,美感,認知探索",9789869685115,360
109,0~3歲,,好癢！好癢！,陶樂蒂,陶樂蒂,,,2019-02-01,108-02,翻譯,"認知探索,社會情緒",9789862942246,300
109/110/111,3~5歲,是,蔬菜頌歌,窗道雄,齊藤恭久,米雅,步步出版,2019-02-01,108.02,翻譯,語言溝通、認知探索,9789579380270,320
109/110/112,0~3歲,是,比一比，誰最長？,佐藤伸,山村浩二,蘇懿禎,小熊出版,2019-02-01,108-02,翻譯,語言溝通、認知探索,9789578640757,300
111,3~5歲,,手套｛烏克蘭民間童話｝,羅馬娜．洛瑪尼新、安德瑞．雷西夫,羅馬娜．洛瑪尼新、安德瑞．雷西夫,蔡季佐,布克文化,2019-01-01,108.01,翻譯,認知探索、美感,9789579699594,320
110,0~3歲,,小麻雀，你去哪裡吃飯？,田代千里,田代千里,方美鈴,,2019-01-01,108-01,翻譯,認知探索,9789864795918,
110/111/112,3~5歲,是,好忙的除夕,翁藝珊,翁藝珊,,信誼基金,2019-01-01,108.01,本土,認知探索、社會情緒,9789861615929,280
108,3~5歲,,我好無聊喔！,車載赫,崔恩英,陳思瑋,,2019-01-01,108-01,翻譯,,9789579125307,300
108/110,3~5歲,,尿尿太郎,吉竹伸介,吉竹伸介,許婷婷,,2019-01-01,108-01,翻譯,認知探索,9789576580970,250
108/113,3~5歲,,在爺爺背後,內弗‧席夫,沙哈‧柯伯,黃筱茵,青林國際,2019-01-01,108-01,翻譯,社會情緒、語言溝通、認知探索,9789862744222,280
113,0~3歲,,啊，怪獸！（新版）,周思芸,劉瑞琪,,遠見天下文化(小天下),2019-01-01,108-01,本土,身體動作、社會情緒、語言溝通,9789864798155,300
110,3~5歲,,小小挖土機,安娜‧杜德尼,安娜‧杜德尼,黃筱茵,,2018-12-01,107-12,翻譯,"身體動作,社會情緒,認知探索",9789863382287,
112,3~5歲,,小狐狸回家,茱莉‧湯普森,賈斯汀‧湯普森,游珮芸,米奇巴克,2018-11-01,10711,翻譯,,9789866215797,300
111,3~5歲,,有時爸爸家，有時媽媽家,芭絲卡．芙翁古特,芭絲卡．芙翁古特,吳宣恩,大穎文化,2018-11-01,107.11,翻譯,社會情緒,9789579125239,290
111,3~5歲,,遊戲場發生什麼事？,超級可愛月亮班,超級可愛月亮班,,遠流出版,2018-11-01,107.11,本土,,9789573284062,320
108/109/112,3~5歲,是,白貓黑貓,菊地知己,菊地知己,米雅/,拾光工作室,2018-11-01,107-11,翻譯,社會情緒,9789869685108,350
112,3~5歲,,風之星,新宮晉,新宮晉,林真美,維京國際,2018-10-01,10710,翻譯,,9789864402540,320
111,3~5歲,,失物招領所,澀谷純子,澀谷純子,張詩宜,布克文化,2018-10-01,107.10,翻譯,認知探索,9789869551618,300
111,0~3歲,,這是我的位子！,羅恩敬,羅恩敬,賴毓棻,布克文化,2018-10-01,107.10,翻譯,社會情緒、語言溝通,9789579699297,300
108/109,3~5歲,,當小偷的第一天,劉旭恭,劉旭恭,,巴巴文化,2018-10-01,107-10,本土,認知探索,9789869629300,350
108/109,3~5歲,,我和怕怕,法蘭切絲卡．桑娜,法蘭切絲卡．桑娜,黃筱茵,讀書共和國(字畝文化),2018-10-01,107-10,翻譯,"社會情緒,語言溝通,認知探索",9789869674454,350
111,0~3歲,,電車來囉！,三浦太郎,三浦太郎,鄭明進,小魯文化,2018-09-01,107.09,翻譯,認知探索、生活自理、語言溝通,9789862118474,290
109,3~5歲,,活了一百萬次的貓,佐野洋子,佐野洋子,林真美,步步出版,2018-09-01,107-09,翻譯,社會情緒,9789869677813,320
108/111/112,0~3歲,是,今天真好,理查德‧傑克遜,蘇西‧李,黃又青,阿布拉教育文化,2018-09-01,107.09,翻譯,身體動作、語言溝通、美感,9789865876517,280
112,3~5歲,,我和我的冠軍甲蟲,信實,信實,蘇懿禎,小熊出版,2018-08-01,10708,翻譯,,9789578640320,300
111,3~5歲,,屁屁工廠,茂利勝彦,茂利勝彦,邱瓊慧,東方出版,2018-08-01,107.08,翻譯,認知探索、健康與安全,9789863382164,280
110/111,0~3歲,,咚咚咚，下一個是誰？,矢野朱美,矢野朱美,蘇懿禎,小熊出版,2018-08-01,107.08,翻譯,認知探索,9789578640344,300
108/109,3~5歲,,森林裡的小狐狸,史蒂芬妮‧葛雷琴,史蒂芬妮‧葛雷琴,,水滴文化,2018-07-01,107-07,翻譯,社會情緒,9789869634069,360
109,3~5歲,,一起去動物園,林柏廷,林柏廷,,,2018-07-01,107-07,翻譯,社會情緒,9789573283188,280
112,3~5歲,,71隻小羊踢足球,巴布羅‧艾爾伯,谷瑞迪,陳伊莎,采實文化,2018-06-01,10706,翻譯,,9789578950368,320
108/109,3~5歲,,可莉米的白色畫布,李賢珠,李賢珠,賴毓棻,,2018-06-01,107-06,翻譯,"認知探索,美感",9789579699129,300
109/110/111,0~3歲,是,嘰咕怪,愛德華．蒙梭,愛德華．蒙梭,周婉湘,上誼文化,2018-06-01,107.06,翻譯,認知探索、美感,9789577626356,300
112,3~5歲,,左先生與右先生,丹尼爾．費爾,塞莉絲特．艾里斯,酪梨壽司,三民書局,2018-05-01,10705,翻譯,,9789571463865,329
112,3~5歲,,形狀國王,小杉早苗,立本倫子,蘇懿禎,小熊出版,2018-05-01,10705,翻譯,,9789578640269,300
109/110/112,3~5歲,是,公園裡有一首詩,米夏‧亞齊,米夏‧亞齊,吳其鴻,,2018-05-01,107-05,翻譯,"語言溝通,認知探索,美感",9789866215728,300
111,3~5歲,,月亮想睡覺,林思辰,林思辰,,信誼基金,2018-04-01,107.04,本土,美感、生活自理,9789861615776,250
107/108/110,0~3歲,,企鵝體操,齋藤槙,齋藤槙,葉依慈,,2018-04-01,107-04,翻譯,"身體動作,健康與安全",9789866215704,320
112,3~5歲,,月球旅行指南：小兔子的月球之旅,PHP研究所,藏澄咲帆,卓文怡,小熊出版,2018-03-01,10703,翻譯,,9789578640177,320
108/110/111,0~3歲,是,今天的月亮好圓,荒井良二,荒井良二,林真美,遠流出版,2018-03-01,107.03,翻譯,認知探索、美感,9789573282280,300
107/109/110/111,0~3歲,是,我只是想要說晚安,瑞秋．伊莎朵拉,瑞秋．伊莎朵拉,黃迺毓,上誼文化,2018-03-01,107.03,翻譯,社會情緒、語言溝通,9789577626332,300
107,3~5歲,,OH．．．我好害怕．．．,劉彤渲,劉彤渲,,小文房,2018-01-01,107,本土,,9789869577465,280
108,3~5歲,,害怕黑夜的大象,馬丁．巴茲塞特,卡特琳娜．西格,林敏雅,水滴文化,2018-01-01,107-06,翻譯,,9789869634021,380
108,0~3歲,,誰說不能往上挖？,丹‧雅卡理諾,丹‧雅卡理諾,李貞慧,,2018-01-01,107-03,翻譯,,9789865730895,320
107/108,0~3歲,,誰來幫我拍拍睡？,約格．穆勒,約格．穆勒,李紫蓉,,2018-01-01,107-01,翻譯,,9789864793327,260
108,0~3歲,,寶貝瑜伽──幼兒的第一本瑜伽書,瑞貝卡．惠特福德,瑪蒂娜．賽爾韋,麥維,,2018-01-01,107-12,翻譯,,9789864401451,260
108,3~5歲,,小小人兒來幫忙──快樂星期天,中川千尋,古寄純嗣,周姚萍,,2018-01-01,107-11,翻譯,,9789862118580,300
108,3~5歲,,"瘋狂的一天：JUNE 29, 1999",大衛威斯納,大衛威斯納,,,2018-01-01,107-09,翻譯,,9789861898636,300
107,0~3歲,,我們來比高,艾米勒賈杜,艾米勒賈杜,賴羽青,,2018-01-01,107,翻譯,,9789861898360,299
107,3~5歲,,小紅母雞,皮耶・德里,瑟西兒‧羽德希吉耶,尉遲秀,,2018-01-01,107,翻譯,,9789579095075,280
108/111/112,3~5歲,是,雪獅,吉姆‧黑爾摩,理查德‧瓊斯,游珮芸,親子天下,2018-01-01,107.04,翻譯,社會情緒,9789579095112,300
108/110/111,3~5歲,是,朱瑞福的游泳課,賴馬,賴馬,,親子天下,2018-01-01,108.07,本土,身體動作、健康與安全,9789579095914,360
108,3~5歲,,美好動物園,李憶婷,李憶婷,,,2018-01-01,107-08,本土,,9789574436088,320
108/111/112,3~5歲,是,討厭的颱風,王春子,王春子,,遠流出版,2018-01-01,107.10,本土,認知探索,9789573283737,380
108/109,3~5歲,,是誰躲在草叢裡,鄭潔文,鄭潔文,,,2018-01-01,107-01,本土,認知探索,9789570850628,330
108,3~5歲,,很久很久以前……大家來過河,維若妮卡‧馬賽諾(V'eronique Massenot),克蕾夢絲‧波列(Cl'emence Pollet),王卉文,,2018-01-01,107-01,翻譯,,9789571463667,299
108,3~5歲,,來自火星的男孩,賽門‧詹姆斯(Simon James),賽門‧詹姆斯(Simon James),黃筱茵,,2018-01-01,107-11,翻譯,,9789571464640,299
108,3~5歲,,香蕉爺爺香蕉奶奶,野志明加(のしさやか),野志明加(のしさやか),米雅,,2018-01-01,107-11,翻譯,,9789571464879,299
111,3~5歲,,蘋果園的12個月,松本猛,中武秀光,陳瀅如,幼獅文化,2017-12-01,106.12,翻譯,認知探索、美感,9789864490974,280
110,3~5歲,,小雪球的夢想,李宰京,李宰京,劉清彥,,2017-12-01,106-12,翻譯,社會情緒,9789865664350,
109,0~3歲,,小小船，小心哦！,五味太郎,五味太郎,李慧娟,,2017-12-01,106-12,翻譯,"社會情緒,語言溝通",9789864401987,250
109,3~5歲,,媽媽的畫像,劉智娟,劉智娟,蘇懿禎,,2017-12-01,106-12,翻譯,"社會情緒,美感",9789863381877,280
111,3~5歲,,時間長或短？,莉亞‧杜凡妮,亞莉安娜‧妲布里妮,陳俊蓉,幼獅文化,2017-11-01,106.11,翻譯,認知探索、語言溝通,9789864490929,280
111,0~3歲,,我喜歡……,安東尼．布朗,安東尼．布朗,余治瑩,維京國際,2017-11-01,106.11,翻譯,認知探索,9789864401635,250
107/108,3~5歲,,獅子補習班,強‧艾吉,強‧艾吉,柯倩華,,2017-11-01,106-11,翻譯,,9789866215667,280
109,0~3歲,,你的心情好嗎？,安東尼．布朗,安東尼．布朗,俞治瑩,,2017-11-01,106-11,翻譯,"社會情緒,語言溝通",9789864401642,250
111,3~5歲,,森林照相館,李時遠,李時遠,許延瑜,青林國際,2017-10-01,106.10,翻譯,社會情緒,9789862743386,280
109,3~5歲,,小鈕扣,小川洋子,岡田千晶,王蘊潔,步步出版,2017-09-01,106-09,翻譯,"社會情緒,語言溝通,認知探索",9789869517720,320
110,3~5歲,,我可以加入你的俱樂部嗎？,約翰．凱利,史蒂芬．拉伯利斯,黃又青,,2017-09-01,106-09,翻譯,"語言溝通,認知探索",9789865876395,
110,3~5歲,,超神奇種子鋪,宮西達也,宮西達也,周姚萍,,2017-09-01,106-09,翻譯,"語言溝通,健康與安全",9789862117439,
107/110,0~3歲,,今天的點心(3D鏡面繪本),渡邉千夏,渡邉千夏,張玲玲,,2017-09-01,106-09,翻譯,"身體動作,認知探索",9789861898094,380
111,3~5歲,,爸爸總是有辦法,娜汀・布罕－柯司莫,奧荷莉・吉耶黑,尉遲秀,親子天下,2017-08-01,106.08,翻譯,社會情緒、語言溝通,9789869498340,300
110,3~5歲,,獅子一起去上學,海倫‧史蒂芬,海倫‧史蒂芬,黃筱茵,,2017-08-01,106-08,翻譯,社會情緒,9789866215636,
110,0~3歲,,水公主：喬琪．巴迪爾的真實故事,蘇珊．維爾德、喬琪．巴迪爾,彼得．雷諾茲,劉清彥,,2017-08-01,106-08,翻譯,"社會情緒,認知探索",9789864001750,
110,3~5歲,,去冒險,哲也,陳美燕,,,2017-08-01,106-08,本土,"社會情緒,認知探索",9789862117309,
109,3~5歲,,紅髮多莉,蔡淨澤,尹盛喆,黃譯嫺、吳羽涵,東雨文化,2017-07-01,106-07,翻譯,社會情緒,9789869481335,280
107.110,0~3歲,,小麗騎三輪車,豐田一彥,豐田一彥,米雅,,2017-07-01,106-07,翻譯,認知探索,9789864792351,300
110/111,0~3歲,,一起玩！,傑茲．阿波羅,傑茲．阿波羅,,上誼文化,2017-07-01,106.07,翻譯,認知探索、身體動作、社會情緒,9789577626141,280
110,0~3歲,,啵！啵！啵！海裡有什麼呢？,笠野裕一譯,笠野裕一譯,米雅,,2017-06-01,106-06,翻譯,認知探索,9789862743287,
111,3~5歲,,奶奶臉上的皺紋,西蒙娜．希洛羅,西蒙娜．希洛羅,黃筱茵,三民書局,2017-05-01,106.05,翻譯,語言溝通,9789571462899,299
110/111,0~3歲,,爸爸再一次：好高、好高,秦好史郎,秦好史郎,游佩芸,米奇巴克,2017-05-01,106.05,翻譯,身體動作,9789866215582,250
109/110,0~3歲,,好忙的鳥兒,露西．卡森,露西．卡森,李紫蓉,,2017-05-01,106-05,翻譯,"語言溝通,認知探索,身體動作,美感",9789577626127,320
109,3~5歲,,箱子！箱子,珍．尤蘭,克里斯．席班,劉清彥,,2017-04-01,106-04,翻譯,認知探索,9789864001705,300
110,3~5歲,,你為什麼不開花？,凱特琳娜．瑪庫洛娃,凱特琳娜．瑪庫洛娃,柯倩華,,2017-04-01,106-04,翻譯,認知探索,9789862743263,
108/109,3~5歲,,小白,郭乃文,周見信,,,2017-04-01,106-04,本土,社會情緒,9789861615547,250
108/109/110/111,3~5歲,是,小水窪,任惠元,任惠元,黃筱茵,遠流出版,2017-04-01,106.04,翻譯,社會情緒、認知探索、美感,9789573279723,280
106,3~5歲,,我想變成綠色的,柳珠永,柳珠永,徐鳳擎,大穎文化,2017-03-01,106-03,翻譯,,9789869425001,290
108/110/111,3~5歲,是,車票去哪裡了？,劉旭恭,劉旭恭,,遠見天下文化(小天下),2017-03-01,106.03,本土,社會情緒、認知探索,9789864791804,300
110,0~3歲,,月亮先生，晚安,中嶋香織,中嶋香織,許婷婷,,2017-03-01,106-03,翻譯,生活自理,9789862116852,
110,0~3歲,,啊！,林美琴,黃郁軒,,,2017-03-01,106-03,本土,認知探索,9789862116906,
108/109,0~3歲,,我的水果寶寶,陳麗雅,陳麗雅,,,2017-03-01,106-03,本土,認知探索,9789862116937,280
106,3~5歲,,黑面琵鷺來過冬,王徵吉,王秋香,,,2017-03-01,106-03,本土,,9789861615493,280
111,0~3歲,,1234，動動體操,李紫蓉、林世仁、蘇珊,林小杯,,信誼基金,2017-02-01,106.02,本土,身體動作、語言溝通、健康與安全,9789861615486,280
109/111,3~5歲,,為了特別的你,許育榮,許育榮,,典藏藝術家庭(小典藏),2017-02-01,106.02,本土,社會情緒、語言溝通,9789869406017,280
106,3~5歲,,大藝術家巴布,瑪莉安‧杜莎 (Marion Deuchars),瑪莉安‧杜莎 (Marion Deuchars),柯倩華,,2017-02-01,106-02,翻譯,,9789571462684,329
107,0~3歲,,乖乖溜滑梯,陳致元,陳致元,,親子天下,2017-01-01,106,本土,,9789869453158,280
107,3~5歲,,騎著恐龍去上學（新版）,劉思源,林小杯,,步步,2017-01-01,106,本土,,9789869433709,320
109,3~5歲,,十二生肖的故事,賴馬,賴馬,,親子天下,2017-01-01,106-01,翻譯,認知探索,9789869421508,360
108,3~5歲,,搭便車,貓小小,貓小小,貓魚,巴巴文化,2017-01-01,106-04,本土,,9789869300797,280
107,0~3歲,,動手玩童話--三隻小豬,GWE,GWE,高竹馨,禾流文創,2017-01-01,106,翻譯,,9789869369961,380
107,0~3歲,,小熊坐椅子,雪莉‧派倫托,大衛‧沃克,張淑瓊,親子天下,2017-01-01,106,翻譯,,9789869371971,280
109,3~5歲,,你在媽媽肚子裡的時候．．．．．．,金槿熙,金槿熙,魏嘉儀,大穎文化,2017-01-01,106-01,翻譯,"社會情緒,美感",9789869375238,290
108,0~3歲,,請來我家玩,崔麗君,崔麗君,,小典藏,2017-01-01,106-11,本土,,9789869535427,320
108,3~5歲,,下眼淚雨的一天,盧貞穎,盧貞穎,,小典藏,2017-01-01,106-01,本土,,9789869478182,320
108,3~5歲,,好餓好餓好餓,劉思源,南君,,巴巴文化,2017-01-01,106-11,本土,,9789869520515,280
106,3~5歲,,跟我說晚安,茱莉亞•唐諾森,蕾貝卡•寇柏,艾可,,2017-01-01,106-01,翻譯,,9789865730598,299
108,0~3歲,,誰來躲貓貓,茱莉亞•唐諾森,蕾貝卡•寇柏,艾可,,2017-01-01,106-02,翻譯,,9789865730604,299
107,3~5歲,,我本來就很愛你啊！,喬里．約翰,班傑．戴維斯,李紫蓉,,2017-01-01,106,翻譯,,9789864792511,300
107,0~3歲,,寶寶翻翻書：蓋被被乖乖睡,新井洋行,新井洋行,張桂娥,,2017-01-01,106,翻譯,,9789864792634,300
107,0~3歲,,笑咪咪情緒變變轉盤書,金秀姬,Mickey Bean,徐鳳擎,,2017-01-01,106,翻譯,,9789864292479,450
108,0~3歲,,我喜歡書,安東尼．布朗,安東尼．布朗,麥維,,2017-01-01,106-11,翻譯,,9789864401659,250
110,3~5歲,,史賓奇生悶氣,威廉．史塔克,威廉．史塔克,劉清彥,,2017-01-01,106-01,翻譯,"社會情緒,語言溝通",9789864001552,
107,3~5歲,,晾衣服的日子,潔西莎．貝格利,潔西莎．貝格利,黃筱茵,,2017-01-01,106,翻譯,,9789864001620,270
108,3~5歲,,天亮之前,喬艾絲．席曼,貝絲・科隆斯,宋珮,,2017-01-01,106-12,翻譯,,9789864001811,280
108,3~5歲,,野鳥食堂,劉伯樂,劉伯樂,,,2017-01-01,106-12,翻譯,,9789862743621,280
108,3~5歲,,藍色小洋裝,張又然,張又然,,,2017-01-01,106-06,本土,,9789862743355,399
107,0~3歲,,一起去散步,五味太郎,五味太郎,莫凡,,2017-01-01,106,翻譯,,9789862743140,430
107,3~5歲,,運輸總動員,鎌田步,鎌田步,黃惠綺,,2017-01-01,106,翻譯,,9789862116579,290
108,3~5歲,,放屁，噗嘶！,村上八千世,瀨邊雅之,黃郁婷,,2017-01-01,106-02,翻譯,,9789862116838,280
107,0~3歲,,相親又相愛,佐古百美,佐古百美,許婷婷,,2017-01-01,106,翻譯,,9789862116869,270
107,0~3歲,,拜拜，我要出門囉!,宮西達也,宮西達也,陳瀅如,,2017-01-01,106,翻譯,,9789862117316,280
110,0~3歲,,我愛洗澡嚕啦啦,沙永玲,沙永玲,陳美燕,,2017-01-01,106-01,本土,生活自理,9789862117385,
107/111,0~3歲,,猩猩爹地,三浦太郎,三浦太郎,劉康儀,小魯文化,2017-01-01,106.08,翻譯,身體動作、社會情緒,9789862117392,290
106,3~5歲,,誰在微笑?,米津祐介,米津祐介,,,2017-01-01,106-01,翻譯,,9789861897356,280
108/109/111,3~5歲,是,誰要來喝下午茶？,葉曼玲,葉曼玲,,信誼基金,2017-01-01,106.04,本土,美感、社會情緒、語言溝通,9789861615554,280
107/108,0~3歲,,父子開車,揚．巴特利克,J．M 布隆,林蔚昀,,2017-01-01,106-08,翻譯,,9789577625946,280
107/108/111,3~5歲,是,點點玩聲音,赫威．托雷,赫威．托雷,周婉湘,上誼文化,2017-01-01,106.04,翻譯,身體動作、認知探索、語言溝通,9789577626110,300
108,3~5歲,,小天空,葛西新平,伊勢英子,林真美,,2017-01-01,106-12,翻譯,,9789573281740,300
106,3~5歲,,妮妮不見了,安妮塔．羅北兒,安妮塔．羅北兒,宋珮,步步,2016-12-01,105-12,翻譯,,9789869343879,300
106,3~5歲,,藍尼和露西,菲立普．史戴,艾琳． 史戴,宋珮,,2016-12-01,105-12,翻譯,,9789865876340,350
106/108/109/110,3~5歲,,外公的大衣,吉姆‧艾利斯沃斯,芭芭拉‧麥克林托克,柯倩華,,2016-12-01,105-12,翻譯,"社會情緒,語言溝通,認知探索",9789865730673,280
106,3~5歲,,夏天,曹文軒,郁蓉,,,2016-12-01,105-12,翻譯,,9789864271153,290
106,3~5歲,,誰是大壞蛋？,保利(Lorenz Pauli),莎樂爾(Kathrin Schärer),劉孟穎,,2016-12-01,105-12,翻譯,,9789864271191,270
110,3~5歲,,年糕去澡堂,苅田澄子,植垣步子,米雅,,2016-12-01,105-12,翻譯,認知探索,9789864001514,
110,3~5歲,,小蠶豆的新床,中屋美和,中屋美和,米雅,,2016-12-01,105-12,翻譯,"社會情緒,認知探索,生活自理",9789862743010,
109,3~5歲,,小小的大冒險,周見信,周見信,,步步出版,2016-11-01,105-11,翻譯,"社會情緒,語言溝通,生活自理,健康與安全",9789869343855,300
106,3~5歲,,今天萬歲!,布萊恩萬,布萊恩萬,張政婷,,2016-11-01,105-11,翻譯,,9789861897363,280
106,3~5歲,,來問我呀,伯納．韋伯,蘇西．李,黃迺毓,,2016-11-01,105-11,翻譯,,9789577626059,280
106/109,3~5歲,,動物和我,林良,趙國宗,,,2016-10-01,105-10,本土,"語言溝通,認知探索,美感",9789864790906,300
106/109,3~5歲,,屋頂上的貓,羅傑‧梅德,羅傑‧梅德,吳敏蘭,步步出版,2016-09-01,105-09,翻譯,"社會情緒,美感",9789869343800,280
106,3~5歲,,貝拉的生氣天,蕾貝卡‧派特森,蕾貝卡‧派特森,黃筱茵,,2016-09-01,105-09,翻譯,,9789866215513,280
109/110,3~5歲,,杯杯英雄,蔡兆倫,蔡兆倫,,,2016-09-01,105-09,本土,社會情緒,9789864001064,320
110,3~5歲,,海的另一頭,五味太郎,五味太郎,游珮芸,,2016-08-01,105-08,翻譯,認知探索,9789866215476,
106,3~5歲,,菲菲真的很受傷,莫莉‧卞,莫莉‧卞,黃筱茵,,2016-08-01,105-08,翻譯,,9789865664237,270
106/107/108,0~3歲,,林桃奶奶的桃子樹,湯姆牛,湯姆牛,,,2016-08-01,105-08,本土,,9789864790340,320
106/108/109,3~5歲,,他們都看見一隻貓,布蘭登．溫佐,布蘭登．溫佐,宋珮,,2016-08-01,105-08,翻譯,社會情緒,9789864001194,320
107/108/110,3~5歲,,一模一樣，一模一 樣!,苅田澄子,土田伸子,黃惠綺,,2016-08-01,105-08,翻譯,"社會情緒,語言溝通",9789862116340,270
106,3~5歲,,想哭的時候,克里斯多福．希拉斯．尼爾,克里斯多福．希拉斯．尼爾,李紫蓉,,2016-08-01,105-08,翻譯,,9789577625922,300
106/107/109/110,0~3歲,,貓頭鷹蝙蝠,瑪麗路易絲．菲茲派翠克,瑪麗路易絲．菲茲派翠克,,,2016-08-01,105-08,翻譯,社會情緒,9789577625953,280
109,0~3歲,,跳著去噗噗囉，我的小寶貝!,莎莉．里歐瓊斯,安妮塔．婕朗,張水金,,2016-08-01,105-08,翻譯,生活自理,9789577625960,300
107/108,0~3歲,,爸爸山,曹益欣,曹益欣,,,2016-08-01,105-08,本土,,9789570847772,250
106,0~3歲,,沉睡中的種子,黛安娜・哈茨・阿斯頓,希薇亞・隆,張東君,,2016-07-01,105-07,翻譯,,9789865730482,320
106,3~5歲,,皮可大冒險： 想像不到的朋友,丹．桑塔,丹．桑塔,柯倩華,,2016-07-01,105-07,翻譯,,9789864790241,320
107/109,0~3歲,,小洋蔥大作戰,瀨名惠子,瀨名惠子,游珮芸,,2016-07-01,105-07,翻譯,認知探索,9789577625908,280
109,0~3歲,,丹丹的褲子,岩村和朗,岩村和朗,黃惠綺,,2016-06-01,105-06,翻譯,認知探索,9789862742686,260
110,0~3歲,,丹丹的帽子,岩村和朗,岩村和朗,黃惠綺,,2016-06-01,105-06,翻譯,認知探索,9789862742693,
110,0~3歲,,丹丹的白熊弟弟,岩村和朗,岩村和朗,黃惠綺,,2016-06-01,105-06,翻譯,"認知探索,美感",9789862742723,
106/108/109,3~5歲,,路邊的小花,強亞諾羅森,席尼史密斯,,,2016-06-01,105-06,翻譯,美感,9789861896755,260
106,3~5歲,,我有理由,吉竹伸介,吉竹伸介,黃惠綺,親子天下,2016-05-01,105-05,翻譯,,9789869292092,300
106/107/109,0~3歲,,脫不下來啊!,吉竹伸介,吉竹伸介,許婷婷,,2016-05-01,105-05,翻譯,"認知探索,生活自理",9789863425762,250
106/109,3~5歲,,送給爸爸的小船,潔西莎．貝格利,潔西莎．貝格利,劉清彥,,2016-05-01,105-05,翻譯,社會情緒,9789864001163,270
106,3~5歲,,尿床天神,長谷川義史,長谷川義史,游珮芸,,2016-05-01,105-05,翻譯,,9789862742471,280
106,3~5歲,,小熊晚安曲,班傑明．蕭,班傑明．蕭,許肯馨,,2016-05-01,105-05,翻譯,,9789862116081,320
106/107/109,3~5歲,,市場街最後一站,馬特．德拉佩尼亞,克里斯汀．羅賓遜,宋珮,,2016-04-01,105-04,翻譯,"社會情緒,美感",9789863209812,300
106,0~3歲,,出門囉，出門囉！,木村裕一,瀨邊雅之,鄭明進,,2016-04-01,105-04,翻譯,,9789862742761,199
106,3~5歲,,巫婆阿妮和黑貓阿寶,韋樂莉．湯瑪士,柯奇．保羅,吳其鴻,,2016-04-01,105-04,翻譯,,9789862742648,320
106,3~5歲,,小熊奇兵,安東尼布朗,安東尼布朗,黃鈺瑜,,2016-04-01,105-04,翻譯,,9789861896557,280
106/109/110,3~5歲,,小桃妹,江明恭,江明恭,,,2016-04-01,105-04,本土,"社會情緒,美感,認知探索",9789861615387,250
110,3~5歲,,老鼠、鼴鼠挖番薯,藤本四郎,藤本四郎,鄧吉吉,,2016-04-01,105-04,翻譯,認知探索,9789577625885,
106,3~5歲,,有你有我,莉莉．拉洪潔,莉莉．拉洪潔,黃筱茵,,2016-04-01,105-04,翻譯,,9789571365930,240
106,3~5歲,,愛心樹,謝爾．希爾弗斯坦,謝爾．希爾弗斯坦,劉美欽,,2016-03-01,105-03,翻譯,,9789865730352,320
106/107/108,0~3歲,,花開了！,石川浩二,石川浩二,張玲玲,,2016-03-01,105-03,翻譯,,9789861896465,280
106/110,3~5歲,,小黃點大冒險！,赫威•托雷,赫威•托雷,周婉湘,,2016-03-01,105-03,翻譯,美感,9789577625861,300
106,3~5歲,,我是一棵櫻花樹,長谷川攝子 (Setsuko Hasegawa),矢間芳子(YoshikoYazama),張東君,,2016-03-01,105-03,翻譯,,9789573277941,270
106/108,0~3歲,,十個小朋友跑哪去？,卡洛(Amélie Callot),卡洛(Amélie Callot),劉孟穎,,2016-02-01,105-02,翻譯,,9789864270460,300
106,3~5歲,,如果你給老鼠吃餅乾,蘿拉．喬菲．努墨歐夫,蘿拉．喬菲．努墨歐夫,林良,,2016-02-01,105-02,翻譯,,9789863208730,320
106,0~3歲,,公主怎麼挖鼻屎？,李卓穎,李卓穎,,,2016-02-01,105-02,翻譯,,9789861615370,250
106/107,0~3歲,,山羊蛋糕店,木村裕一,木村裕一,倫子,,2016-02-01,105-02,翻譯,,9789577625847,260
106,3~5歲,,發現一頂帽子,雍．卡拉森,雍．卡拉森,李貞慧,親子天下,2016-01-01,105-01,翻譯,,9789869317917,320
107,0~3歲,,動手玩童話--小木偶皮諾丘,Tiago America,Tiago America,林幸萩,禾流 文創,2016-01-01,105,翻譯,,9789869369909,380
108,0~3歲,,鱷魚餓了,歐希里亞．伊給,歐希里亞．伊給,阿爾發工作室,阿爾發,2016-01-01,105-09,翻譯,,9789869006187,238
110,3~5歲,,貝蒂不想不想去睡覺,史帝夫．安東尼,史帝夫．安東尼,柯倩華,親子天下,2016-01-01,105-01,翻譯,社會情緒,9789869248662,
109,0~3歲,,早起的一天,賴馬,賴馬,,親子天下,2016-01-01,105-01,翻譯,社會情緒,9789869261470,360
106/108,0~3歲,,河馬波波屁股大,迪迪耶李維,馬克‧布塔方,謝蕙心,,2016-01-01,105-02,翻譯,,9789866215469,270
106/110,0~3歲,,大熊小椅子,莉茲．博伊德,莉茲．博伊德,郭妙芳,,2016-01-01,105-01,翻譯,認知探索,9789865876333,300
106,3~5歲,,洞裡頭有什麼東西？,蕾貝卡•寇柏,蕾貝卡•寇柏,艾可,,2016-01-01,105-01,翻譯,,9789865730260,280
107,3~5歲,,你看看你，把這裡弄得這麼亂！,劉旭恭,劉旭恭,,,2016-01-01,105,本土,,9789865730314,280
108,3~5歲,,靜悄悄的蛋,黛安娜・哈茨・阿斯頓,希薇亞・隆,張東君,,2016-01-01,105-07,翻譯,,9789865730390,320
107,0~3歲,,鱷魚阿本的家,豐田一彥,豐田一彥,高明美,,2016-01-01,105,翻譯,,9789864790029,260
107,0~3歲,,十隻腳趾頭,卡洛琳．珍．雀爾屈,卡洛琳．珍．雀爾屈,高明美,,2016-01-01,105,翻譯,,9789864790777,280
107,3~5歲,,小小孩最愛問百科書-為什麼呢?,Anne Royer,Charlie Pop、Marion Piffaretti、Christine Ponchon、Lucile Ahrweiller,王晶盈,,2016-01-01,105,翻譯,,9789864292431,450
107,3~5歲,,蜜蜂與我,艾莉森‧傑伊,艾莉森‧傑伊,,,2016-01-01,105,翻譯,,9789864271139,280
107,0~3歲,,我想當獅子,艾瑪‧卡莉蘇,艾瑪‧卡莉蘇,鄭榮珍,,2016-01-01,105,翻譯,,9789863380948,280
107,0~3歲,,刷牙號小火車，出發！嘟嘟——汽鏘汽鏘——,久保真知子,久保真知子,陳瀅如,,2016-01-01,105,翻譯,,9789862743041,220
108,0~3歲,,小鳥請唱歌,五味太郎,五味太郎,黃惠綺,,2016-01-01,105-09,翻譯,,9789862742945,220
107/108,0~3歲,,丹丹的手帕,岩村和朗,岩村和朗,黃惠綺,,2016-01-01,105-06,翻譯,,9789862742716,260
110,0~3歲,,誰輕？誰重？,秋山匡,秋山匡,蘇懿禎,,2016-01-01,105-01,翻譯,認知探索,9789862115800,
107,0~3歲,,小雞換聲音,佐藤和貴子,二俣英五郎,張玲玲,,2016-01-01,105,翻譯,,9789861897295,280
108,3~5歲,,一個部落的孩子,藍史密斯,藍史密斯,,,2016-01-01,105-06,翻譯,,9789861896748,280
107,0~3歲,,大家晚安!,克里斯霍頓,克里斯霍頓,賴云倩,,2016-01-01,105,翻譯,,9789861896632,320
107,3~5歲,,雲豹的屋頂,王春子,王春子,,,2016-01-01,105,本土,,9789573278825,320
107,3~5歲,,鴨子?兔子?：啟動想像、學習尊重的創意繪本,艾美．克蘿思．羅森朵,湯姆．利希騰赫,楊郁慧,,2016-01-01,105,翻譯,,9789573278870,280
106,0~3歲,,分享椅,香山美子,香山美子,邱瓊慧,,2015-12-01,104-12,翻譯,,9789863208457,280
106,3~5歲,,髒兮兮國王,嚴凱信,嚴凱信,,,2015-12-01,104-12,本土,,9789862115824,280
107/108,0~3歲,,花子小姐是誰呀？,古川拓,古川拓,陳靜怡,阿爾發,2015-11-01,104-11,翻譯,,9789869006163,230
105,3~5歲,,豬先生和他的小小好朋友,艾力克斯‧拉提蒙,艾力克斯‧拉提蒙,黃筱茵,,2015-11-01,104-11,翻譯,,9789866215445,280
105,3~5歲,,水藍色的圍巾,楠茂宣,松成真理子,李慧娟,,2015-11-01,104-11,翻譯,,9789864400263,280
105,0~3歲,,我的蔬菜寶寶,陳麗雅,陳麗雅,,,2015-11-01,104-11,本土,,9789862115855,280
106,3~5歲,,毛毛123：我一歲了系列套書 毛毛 123：開開,陳盈帆,陳盈帆,,,2015-11-01,104-11,本土,,9789570846348,350
108/109,0~3歲,,毛毛123：抱抱,陳盈帆,陳盈帆,,,2015-11-01,104-11,本土,社會情緒,9789570846362,350
106,3~5歲,,隨風飛揚的十片葉子,默勒(Anne Möller),默勒(Anne Möller),劉孟穎,,2015-09-01,104-09,翻譯,,9789864270187,250
105,3~5歲,,我是公車司機,草野滝,間瀨直方,黃惠綺,,2015-09-01,104-09,翻譯,,9789863380825,280
105/109,0~3歲,,可以說晚安了嗎？,喬里．約翰,班傑．戴維斯,李紫蓉,,2015-09-01,104-09,翻譯,社會情緒,9789863208167,280
105/109,3~5歲,,阿婆的燈籠樹,張秀毓,張秀毓,,,2015-09-01,104-09,本土,"社會情緒,認知探索,美感",9789862115633,280
106,0~3歲,,敲一敲、搖一搖，魔法樹！,克莉絲蒂．麥瑟森,克莉絲蒂．麥瑟森,李紫蓉,,2015-08-01,104-08,翻譯,,9789863207573,320
105/106,0~3歲,,蝴蝶,江國香織,松田奈那子,米雅,,2015-07-01,104-07,翻譯,,9789864000470,270
105,0~3歲,,小青和小蛙：好熱、好熱啊！,岩村和朗,岩村和朗,米雅,,2015-07-01,104-07,翻譯,,9789862742211,280
106,0~3歲,,偷偷看一下：夜晚,安納．米爾布倫,席夢娜．迪米特利,臺灣麥克編輯部,,2015-07-01,104-07,翻譯,,9789862036051,320
109,0~3歲,,我的一天,信誼編輯部,陳志賢,,,2015-07-01,104-07,本土,語言溝通,9789861615196,180
105,3~5歲,,地瓜發芽了,林柏廷,林柏廷,,,2015-07-01,104-07,本土,,9789570845952,250
106,0~3歲,,不可思議的吃書男孩,奧立佛‧傑法(Oliver Jeffers),奧立佛‧傑法(Oliver Jeffers),柯倩華,,2015-07-01,104-07,翻譯,,9789571460239,350
105/106,3~5歲,,鴨子的假期,吉萊德．蘇法,吉萊德．蘇法,柯倩華,,2015-06-01,104-06,翻譯,,9789864000258,260
105/106,3~5歲,,我的寶貝蛋,艾蜜莉．葛拉菲特,艾蜜莉．葛拉菲特,郭恩惠,,2015-06-01,104-06,翻譯,,9789862114827,290
109,0~3歲,,叩叩叩，是誰呀？,莎莉．葛林德列,安東尼．布朗,侯秋玲,,2015-06-01,104-06,翻譯,"社會情緒,語言溝通,認知探索",9789862115312,280
106,3~5歲,,100 層的巴士,麥克•史密斯,麥克•史密斯,侯秋玲,,2015-06-01,104-06,翻譯,,9789862115336,290
109,0~3歲,,小老鼠飛上天,彼得‧霍拉賽克,彼得‧霍拉賽克,賴慈芸、陳玟馨,,2015-06-01,104-06,翻譯,"社會情緒,認知探索",9789577625717,300
106,0~3歲,,吉歐吉歐的皇冠,岸田衿子,中古千代子,艾宇,,2015-05-01,104-05,翻譯,,9789865863586,280
106,3~5歲,,大吼大叫的企鵝媽媽,尤塔‧鮑爾,尤塔‧鮑爾,賓靜蓀,,2015-05-01,104-05,翻譯,,9789863980681,270
105/106/108/109,3~5歲,,夏日的一天,秦好史郎,秦好史郎,周佩穎,,2015-05-01,104-05,翻譯,"認知探索,美感",9789862742198,280
105,0~3歲,,我不跟你玩了,珍妮絲梅尤德里,莫里斯桑達克,熊苓,,2015-05-01,104-05,翻譯,,9789861896038,220
105/106,3~5歲,,晴天雨天幸福天,朵琳．克羅寧,雷娜塔．麗斯卡,李紫蓉,,2015-05-01,104-05,翻譯,,9789577625724,250
105,0~3歲,,阿立會穿褲子了,神澤利子,西卷茅子,米雅,,2015-05-01,104-05,翻譯,,9789577625762,250
106,3~5歲,,珍古錐老師和搗蛋精靈,高樓方子,高樓方子,鄭淑華,,2015-05-01,104-05,翻譯,,9789570845556,280
106,3~5歲,,黑象與白象,大衛．麥基,大衛．麥基,劉清彥,,2015-04-01,104-04,翻譯,,9789865664145,270
105/106/107,0~3歲,,貝蒂好想好想吃香蕉,史帝夫．安東尼,史帝夫．安東尼,柯倩華,,2015-04-01,104-04,翻譯,,9789863980582,280
105,3~5歲,,拉拉去溜冰,茉莉．艾德爾,茉莉．艾德爾,,,2015-04-01,104-04,翻譯,,9789863206903,360
105,3~5歲,,狗狗好愛書,露易絲‧葉慈,露易絲‧葉慈,黃筱茵,,2015-03-01,104-03,翻譯,,9789863380603,280
105/106/107/109,0~3歲,,小藍和小黃,李歐‧李奧尼,李歐‧李奧尼,彭懿 、楊玲玲,,2015-03-01,104-03,翻譯,"身體動作,認知探索,美感",9789577625694,250
106,3~5歲,,蔬菜躲貓貓,tupera tupera,tupera tupera,陳珊珊,,2015-02-01,104-02,翻譯,,9789865811549,320
105,0~3歲,,咦！是誰呢？,越野民雄,高畠純,陳珊珊,,2015-02-01,104-02,翻譯,,9789865811808,280
105/106/107/108/109,3~5歲,是,完美的正方形,麥可・荷爾,麥可・荷爾,宋珮,三之三文化,2015-02-01,104-02,翻譯,"美感,身體動作",9789865664138,270
109,3~5歲,,歷險,艾隆．貝克,艾隆．貝克,,,2015-02-01,104-02,翻譯,"認知探索,語言溝通",9789864000067,280
105,0~3歲,,浴缸變小了！,郝廣才,村上仁美,,,2015-02-01,104-02,本土,,9789861895727,280
107,0~3歲,,我長大了: 幫你的小恐龍洗澡,珍．克拉克,喬治雅．博琪,黃筱茵,,2015-01-01,104,翻譯,,9789863980025,220
107,0~3歲,,小象的雨中散步,中野弘隆,中野弘隆,林真美,,2015-01-01,104,翻譯,,9789863980087,260
107,0~3歲,,露露上廁所──完成如廁訓練的遊戲操作書,卡蜜莉亞‧里德,艾莉‧巴斯畢,李貞慧,,2015-01-01,104,翻譯,,9789863423881,280
108,3~5歲,,一直一直往下挖,麥克．巴奈特,雍．卡拉森,林良,,2015-01-01,104-12,翻譯,,9789862419359,320
107,3~5歲,,長大!,提姆‧霍普古德,提姆‧霍普古德,黃筱茵,,2015-01-01,104,翻譯,,9789862115176,290
107,3~5歲,,再一遍,艾蜜莉．葛拉菲特,艾蜜莉．葛拉菲特,沙永玲,,2015-01-01,104,翻譯,,9789862114742,320
108,3~5歲,,偷偷看一下：農場,安納．米爾布倫,歐嘉．德米多娃,臺灣麥克編輯部,,2015-01-01,104-07,翻譯,,9789862036136,320
106/108,0~3歲,,我長大了,宗玉印,陳麗雅,,,2015-01-01,104-01,本土,,9789862035405,360
105/106,0~3歲,,你看不見我！(紙板翻翻書),朱里安諾,朱里安諾,,,2015-01-01,104-01,翻譯,,9789861896083,280
105/106/107/108/109,0~3歲,是,就快了,提摩太‧奈普曼,派克．賓森,"林瑋、
林良審閱",上誼文化,2015-01-01,104-01,翻譯,,9789577625656,280
107,3~5歲,,再過10分鐘就睡覺,佩琪．芮士曼,佩琪．芮士曼,信誼編輯部,,2015-01-01,104,翻譯,,9789577625748,280
106/108/109,0~3歲,,123 到台灣,陳盈帆,陳盈帆,,,2015-01-01,104-01,本土,認知探索,9789570845099,250
106,0~3歲,,小雞大冒險,安娜‧沃克,安娜‧沃克,李貞慧,,2015-01-01,104-01,翻譯,,9789570846263,300
104,3~5歲,,蘿西最美好的一天,蘿拉‧瑞金 Laura Rankin,蘿拉‧瑞金 Laura Rankin,柯倩華,,2014-12-01,103-12,翻譯,,9789575749804,280
106/107,3~5歲,,那天來的鯨魚,班傑．戴維斯,班傑．戴維斯,郭妙芳,,2014-11-01,103-11,翻譯,,9789865876159,280
105,3~5歲,,鳥兒的家,何華仁,何華仁,,,2014-11-01,103-11,本土,,9789862114797,270
105,0~3歲,,我是推土機,三浦太郎,三浦太郎,張玲玲,,2014-11-01,103-11,翻譯,,9789861895307,280
106,3~5歲,,遲到的理由,姚佳,姚佳,,,2014-11-01,103-11,翻譯,,9789861615103,250
105,3~5歲,,大象大象去郊遊,王文華,六十九,,巴巴文化,2014-09-01,103-09,本土,,9789869033459,280
105,3~5歲,,口袋洋裝,土田伸子,土田伸子,盧本文,,2014-09-01,103-09,翻譯,,9789862114506,280
106,0~3歲,,馬諦斯的剪刀,貞娜‧溫特,貞娜‧溫特,,,2014-08-01,103-08,翻譯,,9789866049644,280
104,3~5歲,,小小的也很好,強納森‧班特利,強納森‧班特利,呂行,,2014-08-01,103-08,翻譯,,9789863380399,280
104,0~3歲,,誰笑嘻嘻？,松谷美代子,瀨川康男,沈晨音,,2014-08-01,103-08,翻譯,,9789862035610,320
105,3~5歲,,這是誰的腳踏車,高畠純,高畠純,米雅,,2014-07-01,103-07,翻譯,,9789862741580,280
104,3~5歲,,還記得,妮娜．雷登,"雷娜
塔．麗斯卡",柯倩華,,2014-06-01,103-06,翻譯,,9789866215315,280
106,0~3歲,,只有一點點,瀧村有子文;圖;譯,鈴木永子,米雅,,2014-06-01,103-06,翻譯,,9789862741566,280
106,3~5歲,,我們相親相愛,米津祐介,米津祐介,桃樂絲,,2014-06-01,103-06,翻譯,,9789861894416,220
105,3~5歲,,有一天,艾莉森．麥基,彼德．雷諾茲,張淑瓊,,2014-05-01,103-05,翻譯,,9789862418697,260
104,3~5歲,,小熊的小船,伊芙．邦婷,南西‧卡本特,劉清彥,,2014-04-01,103-04,翻譯,,9789863380269,280
106,3~5歲,,睡吧!像老虎一樣,瑪麗．羅格,潘蜜拉．札格倫斯基,宋珮,,2014-04-01,103-04,翻譯,,9789863204381,300
105,3~5歲,,神探狗汪汪,林秀穗,廖健宏,,,2014-04-01,103-04,本土,,9789861614793,250
105,3~5歲,,因為就是這樣,阿涅絲‧拉侯許,史黛凡妮‧奧古斯歐,李旻諭,,2014-04-01,103-04,翻譯,,9789570843781,280
104,3~5歲,,別讓鴿子開公車！,莫．威樂,莫．威樂,江坤山,,2014-03-01,103-03,翻譯,,9789863204077,280
104/105/106/107,0~3歲,,"1,2,3 到動物園",艾瑞．卡爾,艾瑞．卡爾,,,2014-03-01,103-03,翻譯,,9789577625540,250
106/107,3~5歲,,不要打翻牛奶！,史戴芬‧戴維斯,克里斯多福‧柯爾,馬筱鳳,,2014-02-01,103-02,翻譯,,9789866049583,280
105/108,3~5歲,,喀噠喀噠喀噠,林小杯,林小杯,,,2014-01-01,103-08,本土,,9789866049668,280
107/108,0~3歲,,我剛出生的時候,伊莎貝爾‧米荷絲‧馬汀斯,馬達琳娜．馬杜索,黃筱茵,,2014-01-01,103-12,翻譯,,9789865876166,280
106/107/108,0~3歲,,拉拉跳芭蕾,茉莉．艾德爾,茉莉．艾德爾,,,2014-01-01,103-01,翻譯,,9789863205777,360
108,3~5歲,,香蕉的祕密,許玲慧,鄭淑芬,,,2014-01-01,103-02,本土,,9789862741344,280
107,0~3歲,,猜猜我是誰?,松谷美代子,岩崎知弘,康冬誼,,2014-01-01,103,翻譯,,9789862035924,320
108,0~3歲,,洗澡啦！,松谷美代子,岩崎知弘,康冬誼,,2014-01-01,103-09,翻譯,,9789862035917,320
108,0~3歲,,哇，不見了,松谷美代子,瀨川康男,康冬誼,,2014-01-01,103-08,翻譯,,9789862035603,320
107,0~3歲,,月亮出來了！,林明子,林明子,陸崇文,,2014-01-01,103,翻譯,,9789862034767,320
99,0~3歲,,哇哇大哭,,,,,2014-01-01,103,翻譯,,9789862034712,
104/106/107,0~3歲,,小雨滴──給0~3歲的律動兒歌,李紫蓉、鄭榮珍、張麗雪（作詞）；蘇珊、陳中申、張硯田（作曲）,何耘之、林小杯,,信誼基金,2014-01-01,103-01,本土,,9789861614779,280
106,3~5歲,,花貓帽,李紫蓉等,何耘之,,,2014-01-01,103-01,本土,,9789861615059,280
108,0~3歲,,加油！熊醫生,木村裕一,木村裕一,,,2014-01-01,103-01,翻譯,,9789577625601,260
105/107/108,0~3歲,,這是我的！這是我的！,米歇爾．凡．傑弗恩,米歇爾．凡．傑弗恩,周婉湘,,2014-01-01,103-07,翻譯,,9789577625571,220
107,0~3歲,,到底是哪一個？,儘田峰子,儘田峰子,上誼編輯部,,2014-01-01,103,翻譯,,9789577625496,160
108,3~5歲,,一起去遠足,小竹守道子,飛田京子,鄭明進,,2014-01-01,103-06,翻譯,,9789575749590,280
107,3~5歲,,妹妹醒來了,酒井駒子,酒井駒子,宥詩,,2014-01-01,103,翻譯,,9789575749774,280
104,3~5歲,,瑪德琳,路德威．白蒙,路德威．白蒙,呂行,,2013-12-01,102-12,翻譯,,9789863380177,280
104,3~5歲,,小真的長頭髮（新版）,高樓方子,高樓方子,汪仲,阿爾發,2013-11-01,102-11,翻譯,,9789869006118,230
104,3~5歲,,小毛，不可以！,大衛．夏儂,大衛．夏儂,歐陽菊映,,2013-11-01,102-11,翻譯,,9789865811112,360
104/107,3~5歲,,誰來吃午餐,蕾貝卡‧寇柏,蕾貝卡‧寇柏,艾可,水滴文化,2013-09-01,102-09,翻譯,,9789865730994,320
105,3~5歲,,這不是我的帽子,雍．卡拉森,雍．卡拉森,劉清彥,,2013-09-01,102-09,翻譯,,9789862417133,270
104,0~3歲,,擦！擦！擦！,林明子,林明子,陸崇文,,2013-09-01,102-09,翻譯,,9789862034576,320
104,3~5歲,,一直打嗝的斑馬,大衛．麥基,大衛．麥基,劉清彥,,2013-08-01,102-08,翻譯,,9789865809041,250
103/105/107,0~3歲,,我的小馬桶：男生,愛羅娜．法蘭蔻,愛羅娜．法蘭蔻,林芳萍,,2013-08-01,102-08,翻譯,,9789865811068,320
103/104/105,0~3歲,,胡蘿蔔種子,露斯．克勞斯,克拉格特．強森,郭恩惠,,2013-08-01,102-08,翻譯,,9789577625434,200
104,3~5歲,,池塘真的會變魔術嗎？,謝武彰,陳志賢,,水滴文化,2013-07-01,102-07,本土,,9789868827684,280
105/107,0~3歲,,睡覺囉！,陶樂蒂,陶樂蒂,,,2013-07-01,102-07,本土,,9789862417423,220
103,3~5歲,,前面還有什麼車？,哲也,劉貞秀,,,2013-07-01,102-07,翻譯,,9789862112762,280
104/107,0~3歲,,鼠小弟的小背心,中江嘉男,上野紀子,劉握瑜,,2013-07-01,102-07,翻譯,,9789862113776,270
103,3~5歲,,莎莉，洗好澡了沒？,約翰．伯寧罕,約翰．伯寧罕,林真美,,2013-06-01,102-06,翻譯,,9789573272236,300
105,3~5歲,,媽媽做給你,長谷川義史,長谷川義史,米雅,,2013-05-01,102-05,翻譯,,9789866310997,280
104,3~5歲,,小象能做的事,伊芙．邦婷,薩吉歐．盧希爾,劉清彥,,2013-05-01,102-05,翻譯,,9789866205972,240
103,3~5歲,,古飛樂,唐娜森,薛弗勒,徐意筑,,2013-05-01,102-05,翻譯,,9789861893921,280
104/105/107,0~3歲,,誰的家到了？,劉旭恭,劉旭恭,,,2013-04-01,102-04,本土,,9789861614601,220
105,3~5歲,,媽媽在哪裡？,王春子,王春子,,,2013-04-01,102-04,本土,,9789573271741,270
103,3~5歲,,我睡不著,蔡兆倫,蔡兆倫,,,2013-03-01,102-03,本土,,9789577516848,260
103,3~5歲,,十四隻老鼠大搬家,岩村和朗,岩村和朗,,,2013-02-01,102-02,翻譯,,9789575880262,360
105,3~5歲,,風是什麼顏色？,安．艾珀,安．艾珀,楊雯珺,,2013-02-01,102-02,翻譯,,9789573271482,380
107,3~5歲,,小喜鵲和岩石山,劉清彥,蔡兆倫,,社團法人台灣彩虹愛家生命教育協會,2013-01-01,102,本土,,9789868822467,250
103/104/105,0~3歲,,晚安，貓頭鷹,佩特．哈金森,佩特．哈金森,高明美,阿爾發,2013-01-01,102-01,翻譯,,9789868726383,230
105/106/107,3~5歲,,鳥有翅膀，孩子有書,阿朗‧賽赫,露西‧帕拉桑,謝蕙心,,2013-01-01,102,翻譯,,9789866215261,250
105,0~3歲,,創意啟蒙膠片書--有趣的對比,帕特里克．喬治,,,,2013-01-01,102-01,翻譯,,9789862033432,450
103,3~5歲,,野獸國,莫里斯桑達克,莫里斯桑達克,,,2013-01-01,102-01,翻譯,,9789575881047,405
107,3~5歲,,皮皮貓：我愛我的白布鞋,艾瑞克‧李文,詹姆士‧狄恩,呂行,,2013-01-01,102,翻譯,,9789575709808,280
104,3~5歲,,我不會寫字,克萊兒‧亞歷山大（Claire Alexander）,克萊兒‧亞歷山大（Claire Alexander）,柯倩華,,2013-01-01,102-01,翻譯,,9789575748951,280
103/104/105,3~5歲,,想生金蛋的母雞,漢娜約翰森,凱西班德,汪培珽,愛孩子愛自己工作室,2012-12-01,101-12,翻譯,,9789868610255,288
103/105,0~3歲,,你是一隻獅子！─跟著動物們一起做運動,俞泰恩,俞泰恩,許嘉諾,,2012-11-01,101-11,翻譯,,9789862416242,260
103/105,0~3歲,,小雞,中川宏貴,平田利之,黃雅妮,,2012-09-01,101-09,翻譯,,9789862415825,175
103/105,3~5歲,,肚臍的洞洞,長谷川義史,長谷川義史,林真美,,2012-09-01,101-09,翻譯,,9789573270409,280
99/102,0~3歲,,擦擦擦,林明子,林明子,陸崇文,,2012-08-01,101-08,翻譯,,9578159145,290
102,3~5歲,,蠟筆小黑,中屋美和,中屋美和,米雅,,2012-08-01,101-08,翻譯,,9789862168820 ,260
102/103/104/105,3~5歲,,麥基先生請假的那一天,菲立普‧史戴,菲立普‧史戴,柯情華,,2012-08-01,101-08,翻譯,,9789862113141,280
105,3~5歲,,一定要誰讓誰嗎？,海恩茲.亞尼許,長賀格．邦許,侯淑玲,,2012-07-01,101-07,翻譯,,9789866407970,290
102/103,3~5歲,,快樂的一天,露絲．克勞斯,馬克．西蒙,郝廣才,,2012-07-01,101-07,翻譯,,9789573270232,250
102,3~5歲,,蓉蓉的氣球,酒井駒子,酒井駒子,米雅,,2012-06-01,101-06,翻譯,,9789862740750,280
102/103/105,0~3歲,,你醒了嗎？,蘇菲．布萊克沃,蘇菲．布萊克沃,黃迺毓,,2012-06-01,101-06,翻譯,,9789577625236,220
103,3~5歲,,爸爸走丟了,五味太郎,五味太郎,,,2012-06-01,101-06,翻譯,,9789575880569,405
103,3~5歲,,荷花池,陳麗雅,陳麗雅,,,2012-05-01,101-05,翻譯,,9789862740736,280
105,3~5歲,,噓！HUSH！,何敏楓,荷莉．米德,嚴淑女,,2012-05-01,101-05,翻譯,,9789862112991,280
105,3~5歲,,愛畫畫的詩,林芳萍,林芳萍,林小杯,,2012-04-01,101-04,本土,,9789861614465,250
104,3~5歲,,黃色的是蝴蝶,五味太郎,五味太郎,鄭明進,,2012-03-01,101-03,翻譯,,9789862740637,300
103,3~5歲,,小月月的蹦蹦跳跳課,何雲姿,何雲姿,,,2012-03-01,101-03,翻譯,,9789862740644,280
102,3~5歲,,豆豆,雪莉．休斯,雪莉．休斯,劉清彥,,2012-03-01,101-03,翻譯,,9789862740804,280
102,0~3歲,,沒關係，沒關係,伊東寬,伊東寬,黃雅妮,,2012-03-01,101-03,翻譯,,9789862414859,250
104/105,3~5歲,,看不見,蔡兆倫,蔡兆倫,,,2012-02-01,101-02,本土,,9789866544934,280
105,0~3歲,,下一站，紅氣球,山田和明,山田和明,徐意筑,,2012-02-01,101-02,翻譯,,9789861893327,250
102,0~3歲,,變色龍捉迷藏,米津祐介,米津祐介,,,2011-12-01,100-12,翻譯,,9789577625083,220
103,3~5歲,,松鼠先生和第一場雪,瑟巴斯帝安．麥什莫澤,瑟巴斯帝安．麥什莫澤,林倩葦,,2011-11-01,100-11,翻譯,,9789862740187,380
102,3~5歲,,城市狗，鄉下蛙,莫．威廉斯,強．穆特,沙永玲,,2011-11-01,100-11,翻譯,,9789862112564,290
102,0~3歲,,移動的積木,米津祐介,米津祐介,,,2011-11-01,100-11,翻譯,,9789577625090,280
102,3~5歲,,聖誕節的禮物,五味太郎,五味太郎,米雅,,2011-10-01,100-10,翻譯,,9789577625106,250
102/105,0~3歲,,小蠶豆的床,中屋美和,中屋美和,米雅,,2011-09-01,100-09,翻譯,,9789862740330,280
102,3~5歲,,小火車做到了！（新版）,華提．派普爾,羅倫．隆,郭恩惠,,2011-09-01,100-09,翻譯,,9789862167564,280
102,3~5歲,,嗨！我是瓢蟲,茱蒂．艾倫,茱蒂．艾倫,冶海孜,,2011-09-01,100-09,翻譯,,9789573268413,260
101,0~3歲,,要到哪裡去呢？,五味太郎,,鄭明進,,2011-08-01,100-08,翻譯,,9789862740309,280
101/102/103/104/105,0~3歲,是,9隻小貓呼─嚕─嚕─,麥克‧格雷涅茨,麥克‧格雷涅茨,沙永玲,小魯文化,2011-08-01,100-08,翻譯,,9789862112311,250
101/102/103/104/105,0~3歲,是,小黃點,赫威．托雷,赫威．托雷,周婉湘,上誼文化,2011-07-01,100-07,翻譯,,9789577625038,300
105,0~3歲,,站在爸爸的腳上──皇帝企鵝的故事,井本蓉子,井本蓉子,陳珊珊,,2011-06-01,100-06,翻譯,,9789866310423,280
101/103/104/105,3~5歲,,到底在排什麼呢？,大村知子,大村知子,周佩穎,,2011-06-01,100-06,翻譯,,9789862112229,270
101,0~3歲,,吃掉了什麼？,岸田衿子,長野博一,周佩穎,,2011-05-01,100-05,翻譯,,9789862112182,260
103/104/105,3~5歲,,我們要去捉狗熊(書+DVD),麥可．羅森,海倫．奧森柏莉,林良,,2011-05-01,100-05,翻譯,,9789577625014,350
100/101/102/103/104,3~5歲,是,子兒，吐吐,李瑾倫,李瑾倫,,信誼基金,2011-04-01,100-04,本土,,9861610596,250
98/101/102/104/105,0~3歲,是,你看到我的小鴨嗎？,南西．塔富利,南西．塔富利,阿爾發編輯部,阿爾發,2011-04-01,10004,翻譯,,9789868577589,230
101,0~3歲,,我的第一隻狗,高鶯雪,高鶯雪,,,2011-04-01,100-04,翻譯,,9789867295774,250
101/105,0~3歲,,早安晚安──給0-3歲的自理兒歌,李紫蓉（作詞）；朱雲嵩、林炳興、張硯田、蘇珊（作曲）,林小杯,,,2011-04-01,100-04,本土,,9789861614205,280
102,3~5歲,,我變成一隻噴火龍了,賴馬,賴馬,,,2011-03-01,100-03,翻譯,,9789866608377,338
102,0~3歲,,米米坐馬桶,周逸芬,陳致元,,和英文化,2011-02-01,100-02,本土,,9789869181594,180
101/102,3~5歲,,小兔彼得的故事,碧雅翠斯‧波特,碧雅翠斯‧波特,林海音,,2011-02-01,100-02,翻譯,,9789867249876,250
101,0~3歲,,禮物,賴馬,賴馬,,,2011-02-01,100-02,翻譯,,9789866608322,220
101,0~3歲,,小便的故事,周逸芬,周逸芬,陳致元,,2011-02-01,100-02,翻譯,,9789866608346,180
102,3~5歲,,米莉的新帽子,北村悟,satoshi kitamura,方素珍,,2011-02-01,100-02,翻譯,,9789862166581,280
101,0~3歲,,哇！貓頭鷹說,提姆‧霍普古德,提姆‧霍普古德,沙永玲,,2011-02-01,100-02,翻譯,,9789862111963,270
101,0~3歲,,神奇的藍色水桶,成田雅子,成田雅子,鄭如峰,,2011-02-01,100-02,翻譯,,9789862110027,270
98/99/100/101/102/103/104,0~3歲,是,親愛的動物園,羅德．坎貝爾,羅德．坎貝爾,鄭榮珍,上誼文化,2011-01-01,100,翻譯,,9577622429,200
103,3~5歲,,不會寫字的獅子,巴茲塞克,馬克‧布塔方,吳愉萱,米奇巴克,2011-01-01,100-01,翻譯,,9789868215092,260
101/105,0~3歲,,車子工作中：交給我吧！,三浦太郎,三浦太郎,謝依伶,,2011-01-01,100-01,翻譯,,9789862111895,230
101,0~3歲,,這是我家,中川宏貴,100%ORANGE,林真美,阿布拉教育文化,2010-12-01,99-12,翻譯,,9789868637825,220
101,0~3歲,,超級理髮師,乾榮里子,西村敏雄,蘇懿禎,,2010-12-01,99-12,翻譯,,9789862111802,270
104/105,3~5歲,,先左腳，再右腳,湯米．狄波拉,湯米．狄波拉,柯倩華,,2010-11-01,99-11,翻譯,,9789866310270,280
101/102,0~3歲,,分享,安喜亞．賽門絲(Anthea Simmons),喬治雅．博琪(Georgie Birkett),賴嘉綾、陳秋彤,,2010-11-01,99-11,翻譯,,9789862412213,250
105,3~5歲,,不可思議的你！,蓋兒．薩姿,林恩．克拉瓦斯,林盈蕙、胡光能,,2010-11-01,99-11,翻譯,,9789862111826,280
101,0~3歲,,愛咬的牙牙,波莉．鄧巴,波莉．鄧巴,李紫蓉,,2010-11-01,99-11,翻譯,,9789577624956,200
101,0~3歲,,胖胖在哪裡,波莉．鄧巴,波莉．鄧巴,李紫蓉,,2010-11-01,99-11,翻譯,,9789577624963,200
101,0~3歲,,漂亮的亮亮,波莉．鄧巴,波莉．鄧巴,李紫蓉,,2010-11-01,99-11,翻譯,,9789577624970,200
102,3~5歲,,下雨了！,湯姆牛,湯姆牛,,,2010-10-01,99-10,翻譯,,9789862166321,260
101,0~3歲,,路上有個洞,賈姬‧伍德,賈姬‧伍德,鄭如瑤,,2010-10-01,99-10,翻譯,,9789862111727,250
102/104,3~5歲,,短耳兔,達文茜,唐唐,,天下雜誌,2010-09-01,99-09,本土,,986715827X,250
104,3~5歲,,動物園,安東尼．布朗,安東尼．布朗,柯倩華,,2010-09-01,99-09,翻譯,,9789866310218,280
102,3~5歲,,一顆紅蘋果,岩村和朗,岩村和朗,,,2010-09-01,99-09,翻譯,,9789861892269,220
101,0~3歲,,十隻手指頭和十隻腳趾頭,梅．福克斯,海倫．奧森柏莉,李紫蓉,,2010-08-01,99-08,翻譯,,9789577624918,250
100/101/102/103/105,0~3歲,是,米米玩收拾,周逸芬,陳致元,,和英文化,2010-06-01,99-06,本土,,9789866608506,180
100/101/102/103/105,0~3歲,是,米米學收拾,周逸芬,陳致元,,和英文化,2010-06-01,99-06,翻譯,,9789866608247,180
102,3~5歲,,地下100層樓的家,岩井俊雄,岩井俊雄,周佩穎,,2010-06-01,99-06,翻譯,,9789862111642,280
102,3~5歲,,獅子與老鼠,傑瑞．平克尼,傑瑞．平克尼,陳雅茜,,2010-04-01,99-04,翻譯,,9789862165300,300
101,0~3歲,,了不起！了不起！,增田裕子,竹內通雅,周姚萍,,2010-04-01,99-04,翻譯,,9789862111505,250
105,3~5歲,,早安！阿尼  早安！阿布,貝果,貝果,,,2010-04-01,99-04,本土,,9789861613864,250
101/102,0~3歲,,好痛唷！好痛唷！,松岡達英,松岡達英,周佩穎,,2010-03-01,99-03,翻譯,,9789862111383,260
101/102,0~3歲,,這是公車,中川宏貴,100%ORANGE,林真美,阿布拉,2010-01-01,99-01,翻譯,,9789868503069,220
101,0~3歲,,米飛和小寶寶,迪布納,迪布納,林真美,,2010-01-01,99-01,翻譯,,9789862411964,200
105,3~5歲,,五百羅漢交通平安,劉旭恭,劉旭恭,,,2009-12-01,98-12,本土,,9789862410837,250
101,0~3歲,,你一半，我一半,曹俊彥,曹俊彥,,,2009-12-01,98-12,翻譯,,9789862111215,250
103,3~5歲,,好朋友,赫姆‧海恩,赫姆‧海恩,王真心,上誼,2009-11-01,98-11,翻譯,,957969155X,250
101,0~3歲,,來跳舞吧！,高畠純,高畠純,林真美,,2009-11-01,98-11,翻譯,,9789862410776,250
100,0~3歲,,嘟．嘟．嘟,曹俊彥,曹俊彥,,,2009-10-01,98-10,翻譯,,9789862111222,250
101,0~3歲,,貓魚,渡邊有一,渡邊有一,林真美,,2009-08-01,98-08,翻譯,,9789866830877,250
101/105,0~3歲,,甲龍寶寶,宮西達也,宮西達也,周佩穎,,2009-08-01,98-08,翻譯,,9789862111123,240
98/99/100/101/102/103/104,0~3歲,是,爸爸跟我玩,渡邊茂男,大友康夫,信誼基金出版社,信誼基金,2009-08-01,98-08,翻譯,,9789576420580,140
99/100/101/102/103/104,3~5歲,是,和甘伯伯去遊河,約翰‧伯寧罕,約翰‧伯寧罕,林良,阿爾發,2009-07-01,98-07,翻譯,,9789868375284,250
102,3~5歲,,娜娜的一天,神澤利子,林明子,米雅,,2009-07-01,98-07,翻譯,,9789866735684,240
102,3~5歲,,火車快跑,唐諾．克魯斯,唐諾．克魯斯,劉思源,,2009-07-01,98-07,翻譯,,9789573212409,250
99/100/101,0~3歲,,米米愛模仿,周逸芬,周逸芬,陳致元,,2009-06-01,98-06,翻譯,,9789866608162,180
101/102/103/104/105,0~3歲,是,我長大了,露絲‧克勞斯,海倫‧奧森貝里,劉清彥,道聲出版,2009-05-01,98-05,翻譯,,9789866735660,240
102,3~5歲,,手套：烏克蘭民間故事,艾烏格尼．M．拉裘夫,艾烏格尼．M．拉裘夫,林真美,,2009-04-01,98-04,翻譯,,9789573236252,270
102,3~5歲,,哈利的花毛衣,金．紀歐,金．紀歐,林真美,,2009-04-01,98-04,翻譯,,9789573228677,260
98/99/100/101/102/103,0~3歲,是,牛來了──最受喜愛的中國傳統兒歌,中國傳統兒歌,張振松,,信誼基金,2009-03-01,98-03,翻譯,,9789576428647,250
101,0~3歲,,您好，有信喔!,秋山匡,秋山匡,米雅,,2009-03-01,98-03,翻譯,,9789867295262,320
101,0~3歲,,阿尼的小袋子,立本倫子,立本倫子,林真美,阿布拉教育文化,2009-02-01,98-02,翻譯,,9789868503007,260
99/100,0~3歲,,小波會數數,艾瑞克．希爾,艾瑞克．希爾,王才婷,,2009-01-01,98,翻譯,,9577624685,
99/102,3~5歲,,神奇畫具箱,林明子,林明子,汪仲,阿爾發,2009-01-01,98-01,翻譯,,9789868375253,210
105,3~5歲,,又窄又小的房子,茱莉亞．唐納森,艾賽爾．薛佛勒,劉清彥,維京國際,2009-01-01,98-01,翻譯,,9789867428899,280
100,0~3歲,,別學我,曹俊彥,曹俊彥,,,2009-01-01,98,翻譯,,9789862111239,
100,0~3歲,,你幾歲？,林良,趙國宗,,,2009-01-01,98,翻譯,,9789576420627,
103/104,3~5歲,,和我玩好嗎？,瑪麗．荷．艾斯,瑪麗．荷．艾斯,林真美,,2009-01-01,98-01,翻譯,,9789573227618,240
99/102/103/104,3~5歲,,好髒的哈利,金．紀歐,瑪格麗特．布羅伊．葛雷漢,林真美,,2009-01-01,98-01,翻譯,,9789573228660,260
101/102,0~3歲,,蹦！,松岡達英,松岡達英,蒲蒲蘭,,2008-11-01,97-11,翻譯,,9789862110652,169
101/102,3~5歲,,坐電車出發 坐電車回家,間瀨直方,間瀨直方,高明美,,2008-11-01,97-11,翻譯,,9789577624604,250
100/102,0~3歲,,小象散步,中野弘隆,中野弘隆,林真美,,2008-07-01,97-07,翻譯,,9789866759963,250
99/100/102,0~3歲,,米米說不,周逸芬,陳致元,,和英文化,2008-06-01,97-06,翻譯,,9789867942999,180
101,0~3歲,,好餓好餓的小白熊,成田雅子,成田雅子,周慧珠,小魯文化,2008-05-01,97-05,翻譯,,9789867742865,250
101,0~3歲,,蘋果是我的！,福田直,福田直,黃郁欽,,2008-04-01,97-04,翻譯,,9789866759338,250
101/102/103/104,3~5歲,,七隻瞎老鼠,艾德．楊,艾德．楊,馬景賢,阿爾發,2008-03-01,97-03,翻譯,,9789868375222,250
101/103,3~5歲,,不是箱子,安東尼特‧波第斯,安東尼特‧波第斯,郭妙芳,阿布拉教育文化,2007-12-01,96-12,翻譯,,9789868357723,260
101/102,0~3歲,,大家一起拔蘿蔔,陳世仁、陳致元,陳致元,,和英文化,2007-11-01,96-11,翻譯,,9789867942944,280
102,3~5歲,,小真的長頭髮,高樓方子,高樓方子,汪仲,阿爾發,2007-11-01,96-11,翻譯,,9789868375208,210
101/102/103/104/105,3~5歲,是,100層樓的家,岩井俊雄,岩井俊雄,周佩穎,小魯文化,2007-11-01,96-11,翻譯,,9789862110850,280
102/103,3~5歲,,我絕對絕對不吃番茄,蘿倫．柴爾德,蘿倫．柴爾德,賴慈芸,,2007-07-01,96-07,翻譯,,9789577624352,280
102,3~5歲,,我爸爸,安東尼布朗,安東尼布朗,,格林文化,2007-05-01,96-05,翻譯,,9577454569,199
99/100,0~3歲,,我的蠟筆,長新太,長新太,鄭明進,維京國際,2007-01-01,96,翻譯,,9789867428769,
100,0~3歲,,顛倒看世界：我是誰？,Marutan,Marutan,謝依玲,,2007-01-01,96,翻譯,,9789862110010,
98/99/100/102/103,0~3歲,是,誰吃掉了？,五味太郎,五味太郎,,上誼文化,2007-01-01,96,翻譯,,9789577622969,160
101,0~3歲,,一開始是一個蘋果,伊東寬,伊東寬,周佩穎,,2006-10-01,95-10,翻譯,,9789867188526,270
102,3~5歲,,大猩猩,安東尼布朗,安東尼布朗,,,2006-10-01,95-10,翻譯,,4717702039769,250
103/104,3~5歲,,一吋蟲,李歐．李歐尼,李歐．李歐尼,楊茂秀,,2006-07-01,95-07,翻譯,,9789867235251,280
102,3~5歲,,冬芽合唱團,長新文太,長新文太,林真美,天下雜誌,2006-06-01,95-06,翻譯,,986715875X,260
101,0~3歲,,搭公車,荒井良二,荒井良二,林真美,,2006-06-01,9506,翻譯,,9867249496,280
101,0~3歲,,小蛇散步,伊東寬,伊東寬,周佩穎,,2006-02-01,95-02,翻譯,,9789867188243,250
102/104,3~5歲,,短耳兔,達文茜,唐唐,,,2006-02-01,95-02,本土,,9789867158277,250
99/100/101,0~3歲,,小雞逛超市,工藤紀子,工藤紀子,周佩穎,,2006-02-01,95-02,翻譯,,9789867188229,250
99/101,0~3歲,,媽媽的小褲褲,山岡光,山岡光,周佩穎,,2006-02-01,95-02,翻譯,,9789867188236,220
102,3~5歲,,妞妞的鹿角,大衛．司摩,大衛．司摩,柯倩華,,2006-02-01,95-02,翻譯,,9867942051,250
98/99/100/101/102/103/104,0~3歲,是,抱抱！,傑茲．阿波羅,傑茲．阿波羅,上誼出版部,上誼文化,2006-01-01,95,翻譯,,9789577622501,260
100/104,0~3歲,,爸爸的圖畫書,高畠純,高畠純,米雅,,2006-01-01,95-01,翻譯,,9867460758,240
98/99/100/101/102/103/104,0~3歲,是,遊戲時間躲貓貓,DK,DK,高明美總編輯,,2005-12-01,94-12,翻譯,,9577624103,250
99/100/101,0~3歲,,遊戲時間躲貓貓,DK,DK,高明美總編輯,,2005-12-01,94-12,翻譯,,9789580000000,250
100/102,0~3歲,,好玩的東西,"DK,上誼編輯部","DK,上誼編輯部",,,2005-12-01,94-12,翻譯,,9789577621818,220
98/99/100/101/102/103/104,0~3歲,是,遊戲時間躲貓貓,DK出版社,DK出版社,信誼編輯部,上誼文化,2005-12-01,94-12,翻譯,,9789577624109,250
102,3~5歲,,我要牛奶！,J．A．Er．csson,J．A．Er．csson,林真美,,2005-09-01,94-09,翻譯,,9789573236269,250
102,3~5歲,,好想見到你,五味太郎,五味太郎,林真美,,2005-09-01,94-09,翻譯,,9789573255895,250
98/99/100/101/102/103,0~3歲,是,紅圓圓和黑圓圓,上野與志,村松勝,鄭明進,,2005-06-01,94-06,翻譯,,9577624006,260
99/101/102,0~3歲,,小鵪鶉捉迷藏,木本百子,木本百子,游珮芸,,2005-06-01,94-06,翻譯,,9577624014,220
98/99/100/101/102/103,3~5歲,是,紅圓圓和黑圓圓,上野與志,村松勝,鄭明進,上誼文化,2005-06-01,94-06,翻譯,,9789577624000,260
99/100/101/103,0~3歲,,艾瑪玩捉迷藏,大衛．麥基,大衛．麥基,周逸芬,和英文化,2005-05-01,94-05,翻譯,,9867942590,299
102,3~5歲,,我討厭媽媽……,酒井駒子,酒井駒子,米雅,,2005-04-01,94-04,翻譯,,9867295021,350
101,0~3歲,,動物絕對不應該穿衣服,茱蒂‧巴瑞特,隆‧巴瑞特,沙永玲,,2005-03-01,94-03,翻譯,,9789867742896,260
102/103/104,3~5歲,,Guji Guji,陳致元,陳致元,,,2005-02-01,94-02,本土,,9861610170,250
103/104,3~5歲,,小魚散步,陳致元,陳致元,,,2005-02-01,94-02,本土,,9861610200,250
100/10/104,3~5歲,,雨傘,太田大八,太田大八,,小魯文化,2005-01-01,94-01,翻譯,,9789867742773,250
100,0~3歲,,小老鼠找新家,彼得．霍拉賽克,彼得．霍拉賽克,慈芸,,2005-01-01,94,翻譯,,9789577624093,
104,3~5歲,,大頭妹,土田伸子,土田伸子,姚萍,,2004-12-01,93-12,翻譯,,9789862114360,280
101/104,3~5歲,,魯拉魯先生的庭院,伊東寬,伊東寬,陳珊珊,小魯文化,2004-09-01,93-09,翻譯,,9789867742629,260
101,0~3歲,,小河馬,瑪西亞．布朗,瑪西亞．布朗,林真美,,2004-09-01,93-09,翻譯,,9867635698,280
104,3~5歲,,和爸爸一起讀書,理察．喬根森,華倫．漢生,柯倩華,維京國際,2004-08-01,93-08,翻譯,,9789867428059,280
104,3~5歲,,我的地圖書,莎拉．方納利,莎拉．方納利,趙映雪,,2004-07-01,93-07,翻譯,,9577623662,350
101,0~3歲,,怕浪費的奶奶,真珠真理子,真珠真理子,米雅,,2004-04-01,93-04,翻譯,,9867295145,260
102,0~3歲,,好大的紅蘋果,垂石真子,垂石真子,鄭明進,,2004-02-01,93-02,翻譯,,9789861613024,220
100/101,0~3歲,,小噹噹,神澤利子,柳生弦一郎,米雅,,2003-12-01,92-12,翻譯,,9789576428715,220
101,0~3歲,,紗娜的紅色毛衣,成田雅子,成田雅子,鄭如峰,小魯文化,2003-11-01,92-11,翻譯,,9789867742285,240
98/99/100/101/102/103,0~3歲,是,打開傘,李紫蓉,崔麗君,,信誼基金,2003-07-01,92-07,本土,,9576428637,250
98/99/100/101/102/103,0~3歲,是,打開傘,李紫蓉,崔麗君,,信誼基金,2003-07-01,92-07,本土,,9789576428630,250
100/101/102,3~5歲,,愛吃青菜的鱷魚,湯姆牛,湯姆牛,,信誼基金,2003-04-01,92-04,本土,,9576428289,250
103,3~5歲,,瘋狂星期二,大衛威斯納,大衛威斯納,,格林文化,2003-04-01,92-04,翻譯,,9577450032,250
103,3~5歲,,我為什麼快樂,羅倫斯‧安荷特,凱瑟琳‧安荷特,,和英文化,2003-04-01,92-04,翻譯,,9789867942876,250
103,3~5歲,,小黑魚,李歐．李奧尼,李歐．李奧尼,孫晴峰,,2003-02-01,92-02,翻譯,,9577623123,300
101,0~3歲,,我們家的長板凳,陳慧縝,陳慧縝,,國語日報,2003-01-01,92-01,翻譯,,9577514472,250
100,0~3歲,,袋鼠也有媽媽嗎?,艾瑞．卡爾,艾瑞．卡爾,林良,上誼,2003-01-01,92,翻譯,,9789577623225,
98/99/100/101/102/103/104,0~3歲,是,月亮晚安,瑪格麗特．懷茲．布朗,克雷門．赫德,黃迺毓,上誼文化,2003-01-01,92,翻譯,,9789577623201,200
100,0~3歲,,小鈴鐺：寶寶媽媽快樂念兒歌,李紫蓉,賴馬,,,2003-01-01,92,翻譯,,9789576428623,
98/99/100/101/102/103,0~3歲,是,牛來了：最受喜愛的中國傳統兒歌,張振松,張振松,,,2003-01-01,92,本土,,9789576428647,250
101,0~3歲,,利兒找到了路,菲莉斯‧路特,克利斯多佛‧丹尼斯,宋珮,,2003-01-01,92-01,翻譯,,9867942191,250
98/100/101/102/103/104,0~3歲,是,從頭動到腳,艾瑞．卡爾,艾瑞．卡爾,林良,,2002-12-01,91-12,翻譯,,9577623174,200
98/99/100/101/102/103/104,0~3歲,是,月亮晚安,瑪格麗特．懷茲．布朗,克雷門．赫德,黃迺毓,,2002-12-01,91-12,翻譯,,9577623204,200
98/99/100/101/102/103/104,0~3歲,是,從頭動到腳,艾瑞．卡爾,艾瑞．卡爾,林良,上誼文化,2002-12-01,91-12,翻譯,,9789577623171,200
102,3~5歲,,大象艾瑪,大衛‧麥基,大衛‧麥基,周逸芬,,2002-07-01,91-07,翻譯,,9867942116,249
98/99/100/102/103,0~3歲,是,誰吃掉了？,五味太郎,五味太郎,,,2002-05-01,91-05,翻譯,,9577622968,160
101,0~3歲,,藏在誰那兒呢？,五味太郎,五味太郎,,上誼文化,2002-05-01,91-05,翻譯,,957762295X,160
103.104,3~5歲,,好想吃榴槤,劉旭恭,劉旭恭,,,2002-04-01,9104,本土,,9861611843,250
102,3~5歲,,好想吃榴槤,劉旭恭,劉旭恭,,信誼基金,2002-04-01,91-04,本土,,9576427568,250
102,3~5歲,,肚臍的祕密,柳生弦一郎,柳生弦一郎,蔣家鋼,,2002-04-01,91-04,翻譯,,9789861612843,240
102,0~3歲,,寶寶的肚臍在哪裡？,凱倫‧凱茲,梁麗娟,賴美伶,,2002-04-01,91-04,翻譯,,9867517725,200
99/100/101,0~3歲,,早起的一天,賴馬,賴馬,,和英文化,2002-02-01,91-02,翻譯,,9789867942012,280
102,0~3歲,,丹丹寶寶版：刷牙刷刷刷,清野幸,清野幸,鄭明進,,2001-10-01,90-10,翻譯,,9577622747,100
102,3~5歲,,南瓜湯,海倫．庫柏,海倫．庫柏,柯倩華,,2001-09-01,90-09,翻譯,,9789573048381,270
102,3~5歲,,莉莉的紫色小皮包,凱文．漢克斯,,李坤珊,和英文化,2001-07-01,90-07,翻譯,,9573048329,250
101,3~5歲,,小羊睡不著,北村悟,北村悟,劉清彥,三之三文化,2001-07-01,90-07,翻譯,,9572089161,220
101,3~5歲,,第五個,恩斯特．揚德,諾爾曼．容格,高玉菁,三之三文化,2001-06-01,90-06,翻譯,社會情緒,9572089145,220
102,3~5歲,,勇敢的莎莎,凱文．漢克,凱文．漢克,柯倩華,三之三文化,2001-05-01,90-05,翻譯,,9572089102,220
98/99/100/101/102/103,0~3歲,是,晚安，猩猩,佩琪．芮士曼,佩琪．芮士曼,郭恩惠,,2001-01-01,90,翻譯,,9577622372,300
101/102,0~3歲,,小雷和波波_小雷看醫生,克萊兒．克雷蒙,海倫．奧森柏莉,邱孟嫻,,2001-01-01,90-01,翻譯,,9789577624796,200
98/99/100/101/102/103,0~3歲,是,晚安，猩猩,佩琪．芮士曼,佩琪．芮士曼,郭恩惠,上誼文化,2001-01-01,90,翻譯,,9789577622372,300
100/101/103,3~5歲,,借你一把傘,小出保子,小出保子,何奕佳,信誼基金,2000-11-01,89-11,翻譯,,9576426715,80
98/99/100/101/102/103/104,0~3歲,是,窗外送來的禮物,五味太郎,五味太郎,鄭明進,,2000-09-01,89-09,翻譯,,9577622178,250
102,0~3歲,,大狗醫生,芭貝柯爾,芭貝柯爾,黃迺毓,,2000-06-01,89-06,翻譯,,9578872909,280
101/102/103/104,3~5歲,,菲菲生氣了──非常、非常的生氣,莫莉．卞,莫莉．卞,李坤珊,三之三文化,2000-02-01,89-02,翻譯,,9572089013,280
100/101,0~3歲,,荷花開,中國傳統兒歌,楊傳信、劉桂芳、楊炯秋、蕭惠君、吳正義、吳杏雪、張國雄,,信誼基金,2000-01-01,89,翻譯,,9576420954,300
98/99/100/101/102/103/104,0~3歲,是,小波在哪裡,艾瑞克．希爾,艾瑞克．希爾,方家瑜,上誼文化,2000-01-01,89,翻譯,,957762328X,280
98/99/100/101/102/103/104,0~3歲,是,棕色的熊、棕色的熊，你在看什麼？,比爾．馬丁,艾瑞．卡爾,李坤珊,,1999-11-01,88-11,翻譯,,9577621902,200
101/102,3~5歲,,鯨魚,五味太郎,五味太郎,余治瑩,,1999-09-01,88-09,翻譯,,9578872720,280
98/99/100/101/101/102/103/104,0~3歲,是,棕色的熊、棕色的熊，你在看什麼？,比爾．馬丁,艾瑞．卡爾,李坤珊,上誼文化,1999-09-01,88-09,翻譯,,9789577621900,200
99,0~3歲,,我會自己穿衣服（立體書）,,,,,1999-01-01,88,翻譯,,9789578872639,
100,0~3歲,,可愛的動物,上誼編輯部,上誼編輯部,,,1999-01-01,88,翻譯,,9789577621825,
102,3~5歲,,掉下來、掉下來了,金．紀歐,金．紀歐,林靜慧,,1998-12-01,87-12,翻譯,,9789573264507,260
101,0~3歲,,蠟筆盒的故事,唐‧弗利門,唐‧弗利門,林真美,遠流,1998-10-01,87-10,翻譯,,9573236079,180
98/101/102/103/104,0~3歲,是,小貓頭鷹,馬丁．韋德爾,派克．賓森,林良,上誼文化,1998-05-01,87-05,翻譯,,9577621171,260
99,0~3歲,,波波生日快樂,Lucy Cousins,,,,1998-05-01,87,翻譯,,9579632715,
98/99/100/101/102/103/104,3~5歲,是,鱷魚怕怕 牙醫怕怕,五味太郎,五味太郎,上誼編輯部,上誼文化,1998-03-01,87-03,翻譯,,9577621384,250
103/104,3~5歲,,爺爺一定有辦法,菲比‧吉爾曼,菲比‧吉爾曼,宋珮,,1998-01-01,87-01,翻譯,,9577621937,250
98/99/100/101/102/103/104,3~5歲,是,窗外送來的禮物,五味太郎,五味太郎,鄭明進,上誼文化,1998-01-01,87,翻譯,,9789577622174,250
102,3~5歲,,李奧的天使,提利．勒南,沙基．布勒奇,殷麗君,米奇巴克,1997-09-01,86-09,翻譯,,9789868456662,260
100/102/103,3~5歲,,自己的顏色,雷歐．里歐尼文,雷歐．里歐尼文,林真美,,1997-09-01,86-09,翻譯,,9789573233459,220
102,3~5歲,,在一個晴朗的日子裡,農尼．荷羅傑恩,農尼．荷羅傑恩,林菀玲,,1997-09-01,86-09,翻譯,,9789573233442,280
98/99/100/102/103,0~3歲,是,我的衣裳,西卷茅子,西卷茅子,林真美,遠流,1997-08-01,86-08,翻譯,,9789573232742,240
102/103/104,3~5歲,,門鈴又響了,佩特．哈金絲,佩特．哈金絲,林真美,,1997-06-01,86-06,翻譯,,9789573233435,250
101/102,0~3歲,,是誰嗯嗯在我頭上？,維爾納．赫爾坎瓦爾斯,沃爾夫．埃爾布魯赫,方素珍,,1997-05-01,86-05,翻譯,,9578416040,280
101/102/103/104,3~5歲,,逃家小兔,瑪格莉特．懷茲．布朗,克雷門．赫德,黃迺毓,信誼,1997-04-01,86-04,翻譯,,9576424038,200
98/100/101,0~3歲,,小猴子,李紫蓉,楊麗玲,,信誼基金,1996-12-01,85-12,翻譯,,986161124X,280
102/103/104,3~5歲,,小房子,維吉尼亞.李.巴頓,維吉尼亞.李.巴頓,林真美,,1996-09-01,85-09,翻譯,,9789573230434,280
102,0~3歲,,我最討厭你了,珍妮絲梅尤德里文,珍妮絲梅尤德里文,林真美,,1996-07-01,85-07,翻譯,,9789573228486,120
102,3~5歲,,瑪德琳,路德威白蒙,路德威白蒙,林真美,,1996-06-01,85-06,翻譯,,9789573227458,280
99/100/101/102/103/104,3~5歲,是,猜猜我有多愛你,山姆．麥克布雷尼,安妮塔．婕朗,陳淑惠,上誼文化,1996-03-01,85-03,翻譯,,957762068X,260
98/100/101/102/103/104,0~3歲,是,張開大嘴呱呱呱,肯思．福克納,喬納森．藍伯,陳淑惠,上誼文化,1996-03-01,85-03,翻譯,,9577620698,350
102/103,3~5歲,,讓路給小鴨子,羅勃．麥羅斯基,羅勃．麥羅斯基,畢璞,國語日報社,1995-02-01,84-02,翻譯,,9577510736,280
102,0~3歲,,小寶寶翻翻書系列-衣服,馬梭．普萊斯,摩意拉．肯波,,上誼文化,1994-06-01,83-06,翻譯,,9577620043,120
99/101/102/103/104,3~5歲,是,古利和古拉,中川李枝子,大村百合子,林立,信誼基金,1994-05-01,83-05,翻譯,,9789861612744,220
99/101/102/103/104,3~5歲,是,媽媽，買綠豆！,曾陽晴,萬華國,,信誼基金,1993-09-01,82-09,本土,,9789861612607,200
104,3~5歲,,小黑魚,李歐．李奧尼,李歐．李奧尼,張劍鳴,,1993-02-01,82-02,翻譯,,9579691185,250
104,3~5歲,,彼得的椅子,艾茲拉‧傑克‧季茲,艾茲拉‧傑克‧季茲,孫晴峰,,1993-02-01,82-02,翻譯,,9579691258,250
98/99/100/101/102/103/104,0~3歲,是,母雞蘿絲去散步,佩特．哈群斯,佩特．哈群斯,上誼出版部,上誼文化,1993-02-01,82-02,翻譯,,9579691290,300
103,3~5歲,,這是我的,李歐‧李奧尼,李歐‧李奧尼,孫麗芸,上誼,1993-02-01,82-02,翻譯,,957762314X,280
103,3~5歲,,彼得的椅子,艾茲拉‧傑克‧季茲,艾茲拉‧傑克‧季茲,孫晴峰,,1991-07-01,80-07,翻譯,,9789579691253,250
99/103/104,3~5歲,,紅龜粿,王金選,曹俊彥,,信誼,1991-06-01,80-06,本土,,9576420598,360
98/99/100/101/102/103/104,0~3歲,是,好餓的毛毛蟲,艾瑞．卡爾,艾瑞．卡爾,鄭明進,上誼文化,1990-01-01,79-01,翻譯,,9577620981,280
99/100/101/102/103/104,3~5歲,是,阿文的小毯子,凱文．漢克斯,凱文．漢克斯,方素珍,三之三文化,1988-08-01,77-08,翻譯,,9578872593,280
98/99/100/101/102/103/104,0~3歲,是,小金魚逃走了,五味太郎,五味太郎,信誼基金出版社編輯部,信誼基金,1987-10-01,76-10,翻譯,,9576421292,160
98/99/100/101/102/103/104,0~3歲,是,爸爸跟我玩,渡邊茂男,大友康夫,信誼基金出版社,957642058X,1985-02-01,74-02,翻譯,,957642058X,140
105,0~3歲,,我們來洗手！,東尼．羅斯,東尼．羅斯,林清雲,,1921-04-01,104-01,翻譯,,9789865664183,250
104,0~3歲,,這是我的！,三浦太郎,三浦太郎,鄭明進,,1921-01-01,100-01,翻譯,,9789862112540,230
104,3~5歲,,好奇猴喬治,H.A.雷伊,H.A.雷伊,劉清彥,,1920-07-01,97-01,翻譯,,9789866830761,250
104,3~5歲,,請問一下，踩得到底嗎？,陳致元,陳致元,,,1920-06-01,96-01,本土,,9789861611839,250
99/100/101/102/103,0~3歲,,抱抱！,傑茲．阿波羅,傑茲．阿波羅,上誼出版部,上誼文化,1920-01-01,90-01,翻譯,,957762250X,260
99/100/101,0~3歲,,好忙的蜘蛛,艾瑞．卡爾,艾瑞．卡爾,鄧美玲,上誼文化,1911-08-01,81,翻譯,,957762099X,300
